Phần,Chương,Số điều,Tiêu đề điều,Nội dung điều,Số khoản,Nội dung khoản,Điểm,Nội dung điểm
Phần thứ nhất - NHỮNG QUY ĐỊNH CHUNG,"Chương IX - THỜI HIỆU THI HÀNH BẢN ÁN, MIỄN CHẤP HÀNH HÌNH PHẠT,",66,Tha tù trước thời hạn có điều kiện,,1,"Người đang chấp hành án phạt tù về tội phạm nghiêm trọng, tội phạm rất nghiêm trọng hoặc tội phạm đặc biệt nghiêm trọng mà đã được giảm thời hạn chấp hành án phạt tù hoặc người đang chấp hành án phạt tù về tội phạm ít nghiêm trọng có thể được tha tù trước thời hạn khi có đủ các điều kiện sau đây:",e,Không thuộc một trong các trường hợp phạm tội quy định tại khoản 2 Điều 66.
Phần thứ nhất - NHỮNG QUY ĐỊNH CHUNG,Chương XII - NHỮNG QUY ĐỊNH ĐỐI VỚI NGƯỜI DƯỚI 18 TUỔI PHẠM TỘI,91,Nguyên tắc xử lý đối với người dưới 18 tuổi phạm tội,,2,"Người dưới 18 tuổi phạm tội thuộc một trong các trường hợp sau đây và có nhiều tình tiết giảm nhẹ, tự nguyện khắc phục phần lớn hậu quả, nếu không thuộc trường hợp quy định tại Điều 29 của Bộ luật này, thì có thể được miễn trách nhiệm hình sự và áp dụng một trong các biện pháp quy định tại Mục 2 Chương này:",a,"Người từ đủ 16 tuổi đến dưới 18 tuổi phạm tội ít nghiêm trọng, phạm tội nghiêm trọng, trừ tội phạm quy định tại các điều 134, 141, 171, 248, 249, 250, 251 và 252 của Bộ luật này;"
Phần thứ nhất - NHỮNG QUY ĐỊNH CHUNG,Chương XII - NHỮNG QUY ĐỊNH ĐỐI VỚI NGƯỜI DƯỚI 18 TUỔI PHẠM TỘI,91,Nguyên tắc xử lý đối với người dưới 18 tuổi phạm tội,,2,"Người dưới 18 tuổi phạm tội thuộc một trong các trường hợp sau đây và có nhiều tình tiết giảm nhẹ, tự nguyện khắc phục phần lớn hậu quả, nếu không thuộc trường hợp quy định tại Điều 29 của Bộ luật này, thì có thể được miễn trách nhiệm hình sự và áp dụng một trong các biện pháp quy định tại Mục 2 Chương này:",b,"Người từ đủ 14 tuổi đến dưới 16 tuổi phạm tội rất nghiêm trọng quy định tại khoản 2 Điều 12 của Bộ luật này, trừ tội phạm quy định tại các điều 123, 134, 141, 142, 144, 150, 151, 168, 171, 248, 249, 250, 251 và 252 của Bộ luật này;"
Phần thứ nhất - NHỮNG QUY ĐỊNH CHUNG,Chương XII - NHỮNG QUY ĐỊNH ĐỐI VỚI NGƯỜI DƯỚI 18 TUỔI PHẠM TỘI,91,Nguyên tắc xử lý đối với người dưới 18 tuổi phạm tội,,2,"Người dưới 18 tuổi phạm tội thuộc một trong các trường hợp sau đây và có nhiều tình tiết giảm nhẹ, tự nguyện khắc phục phần lớn hậu quả, nếu không thuộc trường hợp quy định tại Điều 29 của Bộ luật này, thì có thể được miễn trách nhiệm hình sự và áp dụng một trong các biện pháp quy định tại Mục 2 Chương này:",c,Người dưới 18 tuổi là người đồng phạm có vai trò không đáng kể trong vụ án.
Phần thứ nhất - NHỮNG QUY ĐỊNH CHUNG,Chương XII - NHỮNG QUY ĐỊNH ĐỐI VỚI NGƯỜI DƯỚI 18 TUỔI PHẠM TỘI,106,Tha tù trước hạn có điều kiện,,1,"Người dưới 18 tuổi đang chấp hành án phạt tù, nếu không thuộc các trường hợp quy định tại khoản 2 Điều 66 của Bộ luật này có thể được tha tù trước hạn khi có đủ các điều kiện sau đây:",a,Phạm tội lần đầu;
Phần thứ nhất - NHỮNG QUY ĐỊNH CHUNG,Chương XII - NHỮNG QUY ĐỊNH ĐỐI VỚI NGƯỜI DƯỚI 18 TUỔI PHẠM TỘI,106,Tha tù trước hạn có điều kiện,,1,"Người dưới 18 tuổi đang chấp hành án phạt tù, nếu không thuộc các trường hợp quy định tại khoản 2 Điều 66 của Bộ luật này có thể được tha tù trước hạn khi có đủ các điều kiện sau đây:",b,"Có nhiều tiến bộ, có ý thức cải tạo tốt;"
Phần thứ nhất - NHỮNG QUY ĐỊNH CHUNG,Chương XII - NHỮNG QUY ĐỊNH ĐỐI VỚI NGƯỜI DƯỚI 18 TUỔI PHẠM TỘI,106,Tha tù trước hạn có điều kiện,,1,"Người dưới 18 tuổi đang chấp hành án phạt tù, nếu không thuộc các trường hợp quy định tại khoản 2 Điều 66 của Bộ luật này có thể được tha tù trước hạn khi có đủ các điều kiện sau đây:",c,Đã chấp hành được một phần ba thời hạn phạt tù;
Phần thứ nhất - NHỮNG QUY ĐỊNH CHUNG,Chương XII - NHỮNG QUY ĐỊNH ĐỐI VỚI NGƯỜI DƯỚI 18 TUỔI PHẠM TỘI,106,Tha tù trước hạn có điều kiện,,1,"Người dưới 18 tuổi đang chấp hành án phạt tù, nếu không thuộc các trường hợp quy định tại khoản 2 Điều 66 của Bộ luật này có thể được tha tù trước hạn khi có đủ các điều kiện sau đây:",d,Có nơi cư trú rõ ràng.
Phần thứ hai - CÁC TỘI PHẠM,Chương XIII - CÁC TỘI XÂM PHẠM AN NINH QUỐC GIA,118,Tội phá rối an ninh,,1,"Người nào nhằm chống chính quyền nhân dân mà kích động, lôi kéo, tụ tập nhiều người phá rối an ninh, chống người thi hành công vụ, cản trở hoạt động của cơ quan, tổ chức, nếu không thuộc trường hợp quy định tại Điều 112 của Bộ luật này, thì bị phạt tù từ 05 năm đến 15 năm.",,
Phần thứ hai - CÁC TỘI PHẠM,"Chương XIV - CÁC TỘI XÂM PHẠM TÍNH MẠNG, SỨC KHỎE, NHÂN PHẨM,",123,Tội giết người,,2,"Phạm tội không thuộc các trường hợp quy định tại khoản 1 Điều này, thì bị phạt tù từ 07 năm đến 15 năm.",,
Phần thứ hai - CÁC TỘI PHẠM,"Chương XIV - CÁC TỘI XÂM PHẠM TÍNH MẠNG, SỨC KHỎE, NHÂN PHẨM,",134,Tội cố ý gây thương tích hoặc gây tổn hại cho sức khỏe của người khác,,3,"Phạm tội thuộc một trong các trường hợp sau đây, thì bị phạt tù từ 05 năm đến 10 năm:",a,"Gây thương tích hoặc gây tổn hại cho sức khỏe của người khác mà tỷ lệ tổn thương cơ thể 61% trở lên, nếu không thuộc trường hợp quy định tại điểm b khoản 4 Điều này;"
Phần thứ hai - CÁC TỘI PHẠM,"Chương XIV - CÁC TỘI XÂM PHẠM TÍNH MẠNG, SỨC KHỎE, NHÂN PHẨM,",140,Tội hành hạ người khác,,1,"Người nào đối xử tàn ác hoặc làm nhục người lệ thuộc mình nếu không thuộc các trường hợp quy định tại Điều 185 của Bộ luật này, thì bị phạt cải tạo không giam giữ đến 03 năm hoặc phạt tù từ 03 tháng đến 02 năm.",,
Phần thứ hai - CÁC TỘI PHẠM,"Chương XIV - CÁC TỘI XÂM PHẠM TÍNH MẠNG, SỨC KHỎE, NHÂN PHẨM,",145,Tội giao cấu hoặc thực hiện hành vi quan hệ tình dục khác với người từ đủ 13 tuổi đến dưới 16 tuổi,,1,"Người nào đủ 18 tuổi trở lên mà giao cấu hoặc thực hiện hành vi quan hệ tình dục khác với người từ đủ 13 tuổi đến dưới 16 tuổi, nếu không thuộc trường hợp quy định tại Điều 142 và Điều 144 của Bộ luật này, thì bị phạt tù từ 01 năm đến 05 năm.",,
Phần thứ hai - CÁC TỘI PHẠM,"Chương XIV - CÁC TỘI XÂM PHẠM TÍNH MẠNG, SỨC KHỎE, NHÂN PHẨM,",148,Tội lây truyền HIV cho người khác,,2,"Phạm tội thuộc một trong các trường hợp sau đây, thì bị phạt tù từ 03 năm đến 07 năm:",b,"Đối với người dưới 18 tuổi, nếu không thuộc trường hợp quy định tại Điều 142 và Điều 145 của Bộ luật này;"
Phần thứ hai - CÁC TỘI PHẠM,"Chương XIV - CÁC TỘI XÂM PHẠM TÍNH MẠNG, SỨC KHỎE, NHÂN PHẨM,",149,Tội cố ý truyền HIV cho người khác,,1,"Người nào cố ý truyền HIV cho người khác, nếu không thuộc trường hợp quy định tại Điều 148 của Bộ luật này, thì bị phạt tù từ 03 năm đến 07 năm.",,
Phần thứ hai - CÁC TỘI PHẠM,"Chương XIV - CÁC TỘI XÂM PHẠM TÍNH MẠNG, SỨC KHỎE, NHÂN PHẨM,",150,Tội mua bán người,,2,"Phạm tội thuộc một trong các trường hợp sau đây, thì bị phạt tù từ 08 năm đến 15 năm:",c,"Gây thương tích, gây tổn hại cho sức khỏe hoặc gây rối loạn tâm thần và hành vi của nạn nhân mà tỷ lệ tổn thương cơ thể từ 31% đến 60%, nếu không thuộc trường hợp quy định tại điểm b khoản 3 Điều này;"
Phần thứ hai - CÁC TỘI PHẠM,"Chương XIV - CÁC TỘI XÂM PHẠM TÍNH MẠNG, SỨC KHỎE, NHÂN PHẨM,",151,Tội mua bán người dưới 16 tuổi,,2,"Phạm tội thuộc một trong các trường hợp sau đây, thì bị phạt tù từ 12 năm đến 20 năm:",h,"Gây thương tích, gây tổn hại cho sức khỏe hoặc gây rối loạn tâm thần và hành vi của nạn nhân mà tỷ lệ tổn thương cơ thể từ 31% đến 60%, nếu không thuộc trường hợp quy định tại điểm d khoản 3 Điều này."
Phần thứ hai - CÁC TỘI PHẠM,"Chương XV - CÁC TỘI XÂM PHẠM QUYỀN TỰ DO CỦA CON NGƯỜI,",157,"Tội bắt, giữ hoặc giam người trái pháp luật",,1,"Người nào bắt, giữ hoặc giam người trái pháp luật, nếu không thuộc trường hợp quy định tại Điều 153 và Điều 377 của Bộ luật này, thì bị phạt cải tạo không giam giữ đến 03 năm hoặc phạt tù từ 06 tháng đến 03 năm.",,
Phần thứ hai - CÁC TỘI PHẠM,Chương XVI - CÁC TỘI XÂM PHẠM SỞ HỮU,177,Tội sử dụng trái phép tài sản,,1,"Người nào vì vụ lợi mà sử dụng trái phép tài sản của người khác trị giá từ 100.000.000 đồng đến dưới 500.000.000 đồng, đã bị xử lý kỷ luật, xử phạt vi phạm hành chính về hành vi này hoặc đã bị kết án về tội này, chưa được xóa án tích mà còn vi phạm hoặc dưới 100.000.000 đồng nhưng tài sản là di vật, cổ vật nếu không thuộc trường hợp quy định tại Điều 219 và Điều 220 của Bộ luật này, thì bị phạt tiền từ 10.000.000 đồng đến 50.000.000 đồng, phạt cải tạo không giam giữ đến 02 năm hoặc phạt tù từ 03 tháng đến 02 năm.",,
Phần thứ hai - CÁC TỘI PHẠM,Chương XVII - CÁC TỘI XÂM PHẠM CHẾ ĐỘ HÔN NHÂN VÀ GIA ĐÌNH,186,Tội từ chối hoặc trốn tránh nghĩa vụ cấp dưỡng,"Người nào có nghĩa vụ cấp dưỡng và có khả năng thực tế để thực hiện việc cấp dưỡng đối với người mà mình có nghĩa vụ cấp dưỡng theo quy định của pháp luật mà từ chối hoặc trốn tránh nghĩa vụ cấp dưỡng, làm cho người được cấp dưỡng lâm vào tình trạng nguy hiểm đến tính mạng, sức khỏe hoặc đã bị xử phạt vi phạm hành chính về một trong các hành vi quy định tại Điều này mà còn vi phạm, nếu không thuộc trường hợp quy định tại Điều 380 của Bộ luật này, thì bị phạt cảnh cáo, phạt cải tạo không giam giữ đến 02 năm hoặc phạt tù từ 03 tháng đến 02 năm.",,,,
Phần thứ hai - CÁC TỘI PHẠM,Chương XVIII - CÁC TỘI XÂM PHẠM TRẬT TỰ QUẢN LÝ KINH TẾ,190,"Tội sản xuất, buôn bán hàng cấm",,1,"Người nào thực hiện một trong các hành vi sau đây, nếu không thuộc trường hợp quy định tại các điều 232, 234, 244, 246, 248, 251, 253, 254, 304, 305, 306, 309, 311 của Bộ luật này, thì bị phạt tiền từ 100.000.000 đồng đến 1.000.000.000 đồng hoặc phạt tù từ 01 năm đến 05 năm:",a,"Sản xuất, buôn bán thuốc bảo vệ thực vật mà Nhà nước cấm kinh doanh, cấm lưu hành, cấm sử dụng từ 50 kilôgam đến dưới 100 kilôgam hoặc từ 50 lít đến dưới 100 lít;"
Phần thứ hai - CÁC TỘI PHẠM,Chương XVIII - CÁC TỘI XÂM PHẠM TRẬT TỰ QUẢN LÝ KINH TẾ,190,"Tội sản xuất, buôn bán hàng cấm",,1,"Người nào thực hiện một trong các hành vi sau đây, nếu không thuộc trường hợp quy định tại các điều 232, 234, 244, 246, 248, 251, 253, 254, 304, 305, 306, 309, 311 của Bộ luật này, thì bị phạt tiền từ 100.000.000 đồng đến 1.000.000.000 đồng hoặc phạt tù từ 01 năm đến 05 năm:",b,Buôn bán thuốc lá điếu nhập lậu từ 1.500 bao đến dưới 3.000 bao;
Phần thứ hai - CÁC TỘI PHẠM,Chương XVIII - CÁC TỘI XÂM PHẠM TRẬT TỰ QUẢN LÝ KINH TẾ,190,"Tội sản xuất, buôn bán hàng cấm",,1,"Người nào thực hiện một trong các hành vi sau đây, nếu không thuộc trường hợp quy định tại các điều 232, 234, 244, 246, 248, 251, 253, 254, 304, 305, 306, 309, 311 của Bộ luật này, thì bị phạt tiền từ 100.000.000 đồng đến 1.000.000.000 đồng hoặc phạt tù từ 01 năm đến 05 năm:",c,"Sản xuất, buôn bán pháo nổ từ 06 kilôgam đến dưới 40 kilôgam;"
Phần thứ hai - CÁC TỘI PHẠM,Chương XVIII - CÁC TỘI XÂM PHẠM TRẬT TỰ QUẢN LÝ KINH TẾ,190,"Tội sản xuất, buôn bán hàng cấm",,1,"Người nào thực hiện một trong các hành vi sau đây, nếu không thuộc trường hợp quy định tại các điều 232, 234, 244, 246, 248, 251, 253, 254, 304, 305, 306, 309, 311 của Bộ luật này, thì bị phạt tiền từ 100.000.000 đồng đến 1.000.000.000 đồng hoặc phạt tù từ 01 năm đến 05 năm:",d,"Sản xuất, buôn bán hàng hóa khác mà Nhà nước cấm kinh doanh, cấm lưu hành, cấm sử dụng trị giá từ 100.000.000 đồng đến dưới 300.000.000 đồng hoặc thu lợi bất chính từ 50.000.000 đồng đến dưới 200.000.000 đồng;"
Phần thứ hai - CÁC TỘI PHẠM,Chương XVIII - CÁC TỘI XÂM PHẠM TRẬT TỰ QUẢN LÝ KINH TẾ,190,"Tội sản xuất, buôn bán hàng cấm",,1,"Người nào thực hiện một trong các hành vi sau đây, nếu không thuộc trường hợp quy định tại các điều 232, 234, 244, 246, 248, 251, 253, 254, 304, 305, 306, 309, 311 của Bộ luật này, thì bị phạt tiền từ 100.000.000 đồng đến 1.000.000.000 đồng hoặc phạt tù từ 01 năm đến 05 năm:",đ,"Sản xuất, buôn bán hàng hóa chưa được phép lưu hành, chưa được phép sử dụng tại Việt Nam trị giá từ 200.000.000 đồng đến dưới 500.000.000 đồng hoặc thu lợi bất chính từ 100.000.000 đồng đến dưới 300.000.000 đồng;"
Phần thứ hai - CÁC TỘI PHẠM,Chương XVIII - CÁC TỘI XÂM PHẠM TRẬT TỰ QUẢN LÝ KINH TẾ,190,"Tội sản xuất, buôn bán hàng cấm",,1,"Người nào thực hiện một trong các hành vi sau đây, nếu không thuộc trường hợp quy định tại các điều 232, 234, 244, 246, 248, 251, 253, 254, 304, 305, 306, 309, 311 của Bộ luật này, thì bị phạt tiền từ 100.000.000 đồng đến 1.000.000.000 đồng hoặc phạt tù từ 01 năm đến 05 năm:",e,"Sản xuất, buôn bán hàng hóa dưới mức quy định tại các điểm a, b, c, d và đ khoản này nhưng đã bị xử phạt vi phạm hành chính về một trong các hành vi quy định tại Điều này hoặc tại một trong các điều 188, 189, 191, 192, 193, 194, 195, 196 và 200 của Bộ luật này hoặc đã bị kết án về một trong các tội này, chưa được xóa án tích mà còn vi phạm."
Phần thứ hai - CÁC TỘI PHẠM,Chương XVIII - CÁC TỘI XÂM PHẠM TRẬT TỰ QUẢN LÝ KINH TẾ,191,"Tội tàng trữ, vận chuyển hàng cấm",,1,"Người nào tàng trữ, vận chuyển hàng cấm thuộc một trong các trường hợp sau đây, nếu không thuộc trường hợp quy định tại các điều 232, 234, 239, 244, 246, 249, 250, 253, 254, 304, 305, 306, 309, 311 của Bộ luật này, thì bị phạt tiền từ 50.000.000 đồng đến 300.000.000 đồng hoặc phạt tù từ 06 tháng đến 03 năm:",a,"Thuốc bảo vệ thực vật mà Nhà nước cấm kinh doanh, cấm lưu hành, cấm sử dụng từ 50 kilôgam đến dưới 100 kilôgam hoặc từ 50 lít đến dưới 100 lít;"
Phần thứ hai - CÁC TỘI PHẠM,Chương XVIII - CÁC TỘI XÂM PHẠM TRẬT TỰ QUẢN LÝ KINH TẾ,191,"Tội tàng trữ, vận chuyển hàng cấm",,1,"Người nào tàng trữ, vận chuyển hàng cấm thuộc một trong các trường hợp sau đây, nếu không thuộc trường hợp quy định tại các điều 232, 234, 239, 244, 246, 249, 250, 253, 254, 304, 305, 306, 309, 311 của Bộ luật này, thì bị phạt tiền từ 50.000.000 đồng đến 300.000.000 đồng hoặc phạt tù từ 06 tháng đến 03 năm:",b,Thuốc lá điếu nhập lậu từ 1.500 bao đến dưới 3.000 bao;
Phần thứ hai - CÁC TỘI PHẠM,Chương XVIII - CÁC TỘI XÂM PHẠM TRẬT TỰ QUẢN LÝ KINH TẾ,191,"Tội tàng trữ, vận chuyển hàng cấm",,1,"Người nào tàng trữ, vận chuyển hàng cấm thuộc một trong các trường hợp sau đây, nếu không thuộc trường hợp quy định tại các điều 232, 234, 239, 244, 246, 249, 250, 253, 254, 304, 305, 306, 309, 311 của Bộ luật này, thì bị phạt tiền từ 50.000.000 đồng đến 300.000.000 đồng hoặc phạt tù từ 06 tháng đến 03 năm:",c,Pháo nổ từ 06 kilôgam đến dưới 40 kilôgam;
Phần thứ hai - CÁC TỘI PHẠM,Chương XVIII - CÁC TỘI XÂM PHẠM TRẬT TỰ QUẢN LÝ KINH TẾ,191,"Tội tàng trữ, vận chuyển hàng cấm",,1,"Người nào tàng trữ, vận chuyển hàng cấm thuộc một trong các trường hợp sau đây, nếu không thuộc trường hợp quy định tại các điều 232, 234, 239, 244, 246, 249, 250, 253, 254, 304, 305, 306, 309, 311 của Bộ luật này, thì bị phạt tiền từ 50.000.000 đồng đến 300.000.000 đồng hoặc phạt tù từ 06 tháng đến 03 năm:",d,"Hàng hóa khác mà Nhà nước cấm kinh doanh, cấm lưu hành, cấm sử dụng trị giá từ 100.000.000 đồng đến dưới 300.000.000 đồng hoặc thu lợi bất chính từ 50.000.000 đồng đến dưới 200.000.000 đồng;"
Phần thứ hai - CÁC TỘI PHẠM,Chương XVIII - CÁC TỘI XÂM PHẠM TRẬT TỰ QUẢN LÝ KINH TẾ,191,"Tội tàng trữ, vận chuyển hàng cấm",,1,"Người nào tàng trữ, vận chuyển hàng cấm thuộc một trong các trường hợp sau đây, nếu không thuộc trường hợp quy định tại các điều 232, 234, 239, 244, 246, 249, 250, 253, 254, 304, 305, 306, 309, 311 của Bộ luật này, thì bị phạt tiền từ 50.000.000 đồng đến 300.000.000 đồng hoặc phạt tù từ 06 tháng đến 03 năm:",đ,"Hàng hóa chưa được phép lưu hành, chưa được phép sử dụng tại Việt Nam trị giá từ 200.000.000 đồng đến dưới 500.000.000 đồng hoặc thu lợi bất chính từ 100.000.000 đồng đến dưới 300.000.000 đồng;"
Phần thứ hai - CÁC TỘI PHẠM,Chương XVIII - CÁC TỘI XÂM PHẠM TRẬT TỰ QUẢN LÝ KINH TẾ,191,"Tội tàng trữ, vận chuyển hàng cấm",,1,"Người nào tàng trữ, vận chuyển hàng cấm thuộc một trong các trường hợp sau đây, nếu không thuộc trường hợp quy định tại các điều 232, 234, 239, 244, 246, 249, 250, 253, 254, 304, 305, 306, 309, 311 của Bộ luật này, thì bị phạt tiền từ 50.000.000 đồng đến 300.000.000 đồng hoặc phạt tù từ 06 tháng đến 03 năm:",e,"Hàng hóa dưới mức quy định tại các điểm a, b, c, d và đ khoản này nhưng đã bị xử phạt vi phạm hành chính về một trong các hành vi quy định tại Điều này hoặc tại một trong các điều 188, 189, 190, 192, 193, 194, 195, 196 và 200 của Bộ luật này hoặc đã bị kết án về một trong các tội này, chưa được xóa án tích mà còn vi phạm."
Phần thứ hai - CÁC TỘI PHẠM,Chương XVIII - CÁC TỘI XÂM PHẠM TRẬT TỰ QUẢN LÝ KINH TẾ,192,"Tội sản xuất, buôn bán hàng giả",,1,"Người nào sản xuất, buôn bán hàng giả thuộc một trong các trường hợp sau đây, nếu không thuộc trường hợp quy định tại các điều 193, 194, 195 của Bộ luật này, thì bị phạt tiền từ 200.000.000 đồng đến 2.000.000.000 đồng hoặc phạt tù từ 01 năm đến 05 năm:",a,"Hàng giả tương đương với số lượng của hàng thật hoặc hàng hóa có cùng tính năng kỹ thuật, công dụng trị giá từ 30.000.000 đồng đến dưới 150.000.000 đồng hoặc dưới 30.000.000 đồng nhưng đã bị xử phạt vi phạm hành chính về một trong các hành vi quy định tại Điều này hoặc tại một trong các điều 188, 189, 190, 191, 193, 194, 195, 196 và 200 của Bộ luật này hoặc đã bị kết án về một trong các tội này, chưa được xóa án tích mà còn vi phạm;"
Phần thứ hai - CÁC TỘI PHẠM,Chương XVIII - CÁC TỘI XÂM PHẠM TRẬT TỰ QUẢN LÝ KINH TẾ,192,"Tội sản xuất, buôn bán hàng giả",,1,"Người nào sản xuất, buôn bán hàng giả thuộc một trong các trường hợp sau đây, nếu không thuộc trường hợp quy định tại các điều 193, 194, 195 của Bộ luật này, thì bị phạt tiền từ 200.000.000 đồng đến 2.000.000.000 đồng hoặc phạt tù từ 01 năm đến 05 năm:",b,Gây thương tích hoặc gây tổn hại cho sức khỏe của người khác mà tỷ lệ tổn thương cơ thể từ 31% đến 60%;
Phần thứ hai - CÁC TỘI PHẠM,Chương XVIII - CÁC TỘI XÂM PHẠM TRẬT TỰ QUẢN LÝ KINH TẾ,192,"Tội sản xuất, buôn bán hàng giả",,1,"Người nào sản xuất, buôn bán hàng giả thuộc một trong các trường hợp sau đây, nếu không thuộc trường hợp quy định tại các điều 193, 194, 195 của Bộ luật này, thì bị phạt tiền từ 200.000.000 đồng đến 2.000.000.000 đồng hoặc phạt tù từ 01 năm đến 05 năm:",c,Thu lợi bất chính từ 50.000.000 đồng đến dưới 100.000.000 đồng;
Phần thứ hai - CÁC TỘI PHẠM,Chương XVIII - CÁC TỘI XÂM PHẠM TRẬT TỰ QUẢN LÝ KINH TẾ,192,"Tội sản xuất, buôn bán hàng giả",,1,"Người nào sản xuất, buôn bán hàng giả thuộc một trong các trường hợp sau đây, nếu không thuộc trường hợp quy định tại các điều 193, 194, 195 của Bộ luật này, thì bị phạt tiền từ 200.000.000 đồng đến 2.000.000.000 đồng hoặc phạt tù từ 01 năm đến 05 năm:",d,Gây thiệt hại về tài sản từ 100.000.000 đồng đến dưới 500.000.000 đồng.
Phần thứ hai - CÁC TỘI PHẠM,Chương XVIII - CÁC TỘI XÂM PHẠM TRẬT TỰ QUẢN LÝ KINH TẾ,200,Tội trốn thuế,,1,"Người nào thực hiện một trong các hành vi sau đây trốn thuế với số tiền từ 100.000.000 đồng đến dưới 300.000.000 đồng hoặc dưới 100.000.000 đồng nhưng đã bị xử phạt vi phạm hành chính về hành vi trốn thuế hoặc đã bị kết án về tội này hoặc về một trong các tội quy định tại các điều 188, 189, 190, 191, 192, 193, 194, 195, 196, 202, 250, 251, 253, 254, 304, 305, 306, 309 và 311 của Bộ luật này, chưa được xóa án tích mà còn vi phạm, thì bị phạt tiền từ 100.000.000 đồng đến 500.000.000 đồng hoặc phạt tù từ 03 tháng đến 01 năm:",e,"Khai sai với thực tế hàng hóa xuất khẩu, nhập khẩu mà không khai bổ sung hồ sơ khai thuế sau khi hàng hóa đã được thông quan, nếu không thuộc trường hợp quy định tại Điều 188, 189 của Bộ luật này;"
Phần thứ hai - CÁC TỘI PHẠM,Chương XVIII - CÁC TỘI XÂM PHẠM TRẬT TỰ QUẢN LÝ KINH TẾ,200,Tội trốn thuế,,1,"Người nào thực hiện một trong các hành vi sau đây trốn thuế với số tiền từ 100.000.000 đồng đến dưới 300.000.000 đồng hoặc dưới 100.000.000 đồng nhưng đã bị xử phạt vi phạm hành chính về hành vi trốn thuế hoặc đã bị kết án về tội này hoặc về một trong các tội quy định tại các điều 188, 189, 190, 191, 192, 193, 194, 195, 196, 202, 250, 251, 253, 254, 304, 305, 306, 309 và 311 của Bộ luật này, chưa được xóa án tích mà còn vi phạm, thì bị phạt tiền từ 100.000.000 đồng đến 500.000.000 đồng hoặc phạt tù từ 03 tháng đến 01 năm:",g,"Cố ý không kê khai hoặc khai sai về thuế đối với hàng hóa xuất khẩu, nhập khẩu, nếu không thuộc trường hợp quy định tại Điều 188, 189 của Bộ luật này;"
Phần thứ hai - CÁC TỘI PHẠM,Chương XVIII - CÁC TỘI XÂM PHẠM TRẬT TỰ QUẢN LÝ KINH TẾ,200,Tội trốn thuế,,1,"Người nào thực hiện một trong các hành vi sau đây trốn thuế với số tiền từ 100.000.000 đồng đến dưới 300.000.000 đồng hoặc dưới 100.000.000 đồng nhưng đã bị xử phạt vi phạm hành chính về hành vi trốn thuế hoặc đã bị kết án về tội này hoặc về một trong các tội quy định tại các điều 188, 189, 190, 191, 192, 193, 194, 195, 196, 202, 250, 251, 253, 254, 304, 305, 306, 309 và 311 của Bộ luật này, chưa được xóa án tích mà còn vi phạm, thì bị phạt tiền từ 100.000.000 đồng đến 500.000.000 đồng hoặc phạt tù từ 03 tháng đến 01 năm:",h,"Câu kết với người gửi hàng để nhập khẩu hàng hóa, nếu không thuộc trường hợp quy định tại Điều 188, 189 của Bộ luật này;"
Phần thứ hai - CÁC TỘI PHẠM,Chương XVIII - CÁC TỘI XÂM PHẠM TRẬT TỰ QUẢN LÝ KINH TẾ,213,Tội gian lận trong kinh doanh bảo hiểm,,1,"Người nào thực hiện một trong các hành vi sau đây chiếm đoạt tiền bảo hiểm từ 20.000.000 đồng đến dưới 100.000.000 đồng hoặc gây thiệt hại từ 50.000.000 đồng đến dưới 200.000.000 đồng, nếu không thuộc trường hợp quy định tại các điều 174, 353, 355 của Bộ luật này, thì bị phạt tiền từ 30.000.000 đồng đến 100.000.000 đồng hoặc phạt cải tạo không giam giữ đến 03 năm:",a,"Thông đồng với người thụ hưởng quyền lợi bảo hiểm để giải quyết bồi thường bảo hiểm, trả tiền bảo hiểm trái pháp luật;"
Phần thứ hai - CÁC TỘI PHẠM,Chương XVIII - CÁC TỘI XÂM PHẠM TRẬT TỰ QUẢN LÝ KINH TẾ,213,Tội gian lận trong kinh doanh bảo hiểm,,1,"Người nào thực hiện một trong các hành vi sau đây chiếm đoạt tiền bảo hiểm từ 20.000.000 đồng đến dưới 100.000.000 đồng hoặc gây thiệt hại từ 50.000.000 đồng đến dưới 200.000.000 đồng, nếu không thuộc trường hợp quy định tại các điều 174, 353, 355 của Bộ luật này, thì bị phạt tiền từ 30.000.000 đồng đến 100.000.000 đồng hoặc phạt cải tạo không giam giữ đến 03 năm:",b,"Giả mạo tài liệu, cố ý làm sai lệch thông tin để từ chối bồi thường, trả tiền bảo hiểm khi sự kiện bảo hiểm đã xảy ra;"
Phần thứ hai - CÁC TỘI PHẠM,Chương XVIII - CÁC TỘI XÂM PHẠM TRẬT TỰ QUẢN LÝ KINH TẾ,213,Tội gian lận trong kinh doanh bảo hiểm,,1,"Người nào thực hiện một trong các hành vi sau đây chiếm đoạt tiền bảo hiểm từ 20.000.000 đồng đến dưới 100.000.000 đồng hoặc gây thiệt hại từ 50.000.000 đồng đến dưới 200.000.000 đồng, nếu không thuộc trường hợp quy định tại các điều 174, 353, 355 của Bộ luật này, thì bị phạt tiền từ 30.000.000 đồng đến 100.000.000 đồng hoặc phạt cải tạo không giam giữ đến 03 năm:",c,"Giả mạo tài liệu, cố ý làm sai lệch thông tin trong hồ sơ yêu cầu bồi thường, trả tiền bảo hiểm;"
Phần thứ hai - CÁC TỘI PHẠM,Chương XVIII - CÁC TỘI XÂM PHẠM TRẬT TỰ QUẢN LÝ KINH TẾ,213,Tội gian lận trong kinh doanh bảo hiểm,,1,"Người nào thực hiện một trong các hành vi sau đây chiếm đoạt tiền bảo hiểm từ 20.000.000 đồng đến dưới 100.000.000 đồng hoặc gây thiệt hại từ 50.000.000 đồng đến dưới 200.000.000 đồng, nếu không thuộc trường hợp quy định tại các điều 174, 353, 355 của Bộ luật này, thì bị phạt tiền từ 30.000.000 đồng đến 100.000.000 đồng hoặc phạt cải tạo không giam giữ đến 03 năm:",d,"Tự gây thiệt hại về tài sản, sức khỏe của mình để hưởng quyền lợi bảo hiểm, trừ trường hợp luật có quy định khác."
Phần thứ hai - CÁC TỘI PHẠM,Chương XVIII - CÁC TỘI XÂM PHẠM TRẬT TỰ QUẢN LÝ KINH TẾ,214,"Tội gian lận bảo hiểm xã hội, bảo hiểm thất nghiệp",,1,"Người nào thực hiện một trong các hành vi sau đây, chiếm đoạt tiền bảo hiểm xã hội, bảo hiểm thất nghiệp từ 10.000.000 đồng đến dưới 100.000.000 đồng hoặc gây thiệt hại từ 20.000.000 đồng đến dưới 200.000.000 đồng mà không thuộc trường hợp quy định tại một trong các điều 174, 353, 355 của Bộ luật này, thì bị phạt tiền từ 20.000.000 đồng đến 100.000.000 đồng, phạt cải tạo không giam giữ đến 02 năm hoặc phạt tù từ 03 tháng đến 02 năm:",a,"Lập hồ sơ giả hoặc làm sai lệch nội dung hồ sơ bảo hiểm xã hội, hồ sơ bảo hiểm thất nghiệp lừa dối cơ quan bảo hiểm xã hội;"
Phần thứ hai - CÁC TỘI PHẠM,Chương XVIII - CÁC TỘI XÂM PHẠM TRẬT TỰ QUẢN LÝ KINH TẾ,214,"Tội gian lận bảo hiểm xã hội, bảo hiểm thất nghiệp",,1,"Người nào thực hiện một trong các hành vi sau đây, chiếm đoạt tiền bảo hiểm xã hội, bảo hiểm thất nghiệp từ 10.000.000 đồng đến dưới 100.000.000 đồng hoặc gây thiệt hại từ 20.000.000 đồng đến dưới 200.000.000 đồng mà không thuộc trường hợp quy định tại một trong các điều 174, 353, 355 của Bộ luật này, thì bị phạt tiền từ 20.000.000 đồng đến 100.000.000 đồng, phạt cải tạo không giam giữ đến 02 năm hoặc phạt tù từ 03 tháng đến 02 năm:",b,"Dùng hồ sơ giả hoặc hồ sơ đã bị làm sai lệch nội dung lừa dối cơ quan bảo hiểm xã hội hưởng các chế độ bảo hiểm xã hội, bảo hiểm thất nghiệp."
Phần thứ hai - CÁC TỘI PHẠM,Chương XVIII - CÁC TỘI XÂM PHẠM TRẬT TỰ QUẢN LÝ KINH TẾ,215,Tội gian lận bảo hiểm y tế,,1,"Người nào thực hiện một trong các hành vi sau đây, chiếm đoạt tiền bảo hiểm y tế từ 10.000.000 đồng đến dưới 100.000.000 đồng hoặc gây thiệt hại từ 20.000.000 đồng đến dưới 200.000.000 đồng mà không thuộc trường hợp quy định tại một trong các điều 174, 353, 355 của Bộ luật này, thì bị phạt tiền từ 20.000.000 đồng đến 100.000.000 đồng, phạt cải tạo không giam giữ đến 02 năm hoặc phạt tù từ 03 tháng đến 02 năm:",a,"Lập hồ sơ bệnh án, kê đơn thuốc khống hoặc kê tăng số lượng hoặc thêm loại thuốc, vật tư y tế, dịch vụ kỹ thuật, chi phí giường bệnh và các chi phí khác mà thực tế người bệnh không sử dụng;"
Phần thứ hai - CÁC TỘI PHẠM,Chương XVIII - CÁC TỘI XÂM PHẠM TRẬT TỰ QUẢN LÝ KINH TẾ,215,Tội gian lận bảo hiểm y tế,,1,"Người nào thực hiện một trong các hành vi sau đây, chiếm đoạt tiền bảo hiểm y tế từ 10.000.000 đồng đến dưới 100.000.000 đồng hoặc gây thiệt hại từ 20.000.000 đồng đến dưới 200.000.000 đồng mà không thuộc trường hợp quy định tại một trong các điều 174, 353, 355 của Bộ luật này, thì bị phạt tiền từ 20.000.000 đồng đến 100.000.000 đồng, phạt cải tạo không giam giữ đến 02 năm hoặc phạt tù từ 03 tháng đến 02 năm:",b,"Giả mạo hồ sơ, thẻ bảo hiểm y tế hoặc sử dụng thẻ bảo hiểm y tế được cấp khống, thẻ bảo hiểm y tế giả, thẻ đã bị thu hồi, thẻ bị sửa chữa, thẻ bảo hiểm y tế của người khác trong khám chữa bệnh hưởng chế độ bảo hiểm y tế trái quy định."
Phần thứ hai - CÁC TỘI PHẠM,Chương XVIII - CÁC TỘI XÂM PHẠM TRẬT TỰ QUẢN LÝ KINH TẾ,217.5,Tội vi phạm quy định về kinh doanh theo phương thức đa cấp,,1,"Người nào tổ chức hoạt động kinh doanh theo phương thức đa cấp mà không có giấy chứng nhận đăng ký hoạt động bán hàng đa cấp hoặc không đúng với nội dung giấy chứng nhận đăng ký hoạt động bán hàng đa cấp thuộc một trong các trường hợp sau đây, nếu không thuộc trường hợp quy định tại Điều 174 và Điều 290 của Bộ luật này, thì bị phạt tiền từ 500.000.000 đồng đến 1.000.000.000 đồng, phạt cải tạo không giam giữ đến 03 năm hoặc phạt tù từ 06 tháng đến 02 năm:",a,"Đã bị xử phạt vi phạm hành chính về hành vi này hoặc đã bị kết án về tội này, chưa được xóa án tích mà còn vi phạm"
Phần thứ hai - CÁC TỘI PHẠM,Chương XVIII - CÁC TỘI XÂM PHẠM TRẬT TỰ QUẢN LÝ KINH TẾ,217.5,Tội vi phạm quy định về kinh doanh theo phương thức đa cấp,,1,"Người nào tổ chức hoạt động kinh doanh theo phương thức đa cấp mà không có giấy chứng nhận đăng ký hoạt động bán hàng đa cấp hoặc không đúng với nội dung giấy chứng nhận đăng ký hoạt động bán hàng đa cấp thuộc một trong các trường hợp sau đây, nếu không thuộc trường hợp quy định tại Điều 174 và Điều 290 của Bộ luật này, thì bị phạt tiền từ 500.000.000 đồng đến 1.000.000.000 đồng, phạt cải tạo không giam giữ đến 03 năm hoặc phạt tù từ 06 tháng đến 02 năm:",b,Thu lợi bất chính từ 200.000.000 đồng đến dưới 1.000.000.000 đồng
Phần thứ hai - CÁC TỘI PHẠM,Chương XVIII - CÁC TỘI XÂM PHẠM TRẬT TỰ QUẢN LÝ KINH TẾ,217.5,Tội vi phạm quy định về kinh doanh theo phương thức đa cấp,,1,"Người nào tổ chức hoạt động kinh doanh theo phương thức đa cấp mà không có giấy chứng nhận đăng ký hoạt động bán hàng đa cấp hoặc không đúng với nội dung giấy chứng nhận đăng ký hoạt động bán hàng đa cấp thuộc một trong các trường hợp sau đây, nếu không thuộc trường hợp quy định tại Điều 174 và Điều 290 của Bộ luật này, thì bị phạt tiền từ 500.000.000 đồng đến 1.000.000.000 đồng, phạt cải tạo không giam giữ đến 03 năm hoặc phạt tù từ 06 tháng đến 02 năm:",c,Gây thiệt hại cho người khác từ 500.000.000 đồng đến dưới 1.500.000.000 đồng
Phần thứ hai - CÁC TỘI PHẠM,Chương XVIII - CÁC TỘI XÂM PHẠM TRẬT TỰ QUẢN LÝ KINH TẾ,217,Tội vi phạm quy định về cạnh tranh,,1,"Người nào tổ chức hoạt động kinh doanh theo phương thức đa cấp mà không có giấy chứng nhận đăng ký hoạt động bán hàng đa cấp hoặc không đúng với nội dung giấy chứng nhận đăng ký hoạt động bán hàng đa cấp thuộc một trong các trường hợp sau đây, nếu không thuộc trường hợp quy định tại Điều 174 và Điều 290 của Bộ luật này, thì bị phạt tiền từ 500.000.000 đồng đến 1.000.000.000 đồng, phạt cải tạo không giam giữ đến 03 năm hoặc phạt tù từ 06 tháng đến 02 năm:",a,"Đã bị xử phạt vi phạm hành chính về hành vi này hoặc đã bị kết án về tội này, chưa được xóa án tích mà còn vi phạm;"
Phần thứ hai - CÁC TỘI PHẠM,Chương XVIII - CÁC TỘI XÂM PHẠM TRẬT TỰ QUẢN LÝ KINH TẾ,217,Tội vi phạm quy định về cạnh tranh,,1,"Người nào tổ chức hoạt động kinh doanh theo phương thức đa cấp mà không có giấy chứng nhận đăng ký hoạt động bán hàng đa cấp hoặc không đúng với nội dung giấy chứng nhận đăng ký hoạt động bán hàng đa cấp thuộc một trong các trường hợp sau đây, nếu không thuộc trường hợp quy định tại Điều 174 và Điều 290 của Bộ luật này, thì bị phạt tiền từ 500.000.000 đồng đến 1.000.000.000 đồng, phạt cải tạo không giam giữ đến 03 năm hoặc phạt tù từ 06 tháng đến 02 năm:",b,Thu lợi bất chính từ 200.000.000 đồng đến dưới 1.000.000.000 đồng;
Phần thứ hai - CÁC TỘI PHẠM,Chương XVIII - CÁC TỘI XÂM PHẠM TRẬT TỰ QUẢN LÝ KINH TẾ,217,Tội vi phạm quy định về cạnh tranh,,1,"Người nào tổ chức hoạt động kinh doanh theo phương thức đa cấp mà không có giấy chứng nhận đăng ký hoạt động bán hàng đa cấp hoặc không đúng với nội dung giấy chứng nhận đăng ký hoạt động bán hàng đa cấp thuộc một trong các trường hợp sau đây, nếu không thuộc trường hợp quy định tại Điều 174 và Điều 290 của Bộ luật này, thì bị phạt tiền từ 500.000.000 đồng đến 1.000.000.000 đồng, phạt cải tạo không giam giữ đến 03 năm hoặc phạt tù từ 06 tháng đến 02 năm:",c,Gây thiệt hại cho người khác từ 500.000.000 đồng đến dưới 1.500.000.000 đồng.
Phần thứ hai - CÁC TỘI PHẠM,Chương XVIII - CÁC TỘI XÂM PHẠM TRẬT TỰ QUẢN LÝ KINH TẾ,220,Tội vi phạm quy định về quản lý và sử dụng vốn đầu tư công gây hậu quả nghiêm trọng,,1,"Người nào lợi dụng chức vụ, quyền hạn thực hiện một trong những hành vi sau đây gây thiệt hại từ 100.000.000 đồng đến dưới 300.000.000 đồng hoặc dưới 100.000.000 đồng nhưng đã bị xử lý kỷ luật hoặc xử phạt vi phạm hành chính về hành vi này mà còn vi phạm, nếu không thuộc trường hợp quy định tại Điều 224 của Bộ luật này, thì bị phạt cải tạo không giam giữ đến 03 năm hoặc phạt tù từ 01 năm đến 05 năm:",a,Vi phạm quy định về quyết định chủ trương đầu tư;
Phần thứ hai - CÁC TỘI PHẠM,Chương XVIII - CÁC TỘI XÂM PHẠM TRẬT TỰ QUẢN LÝ KINH TẾ,220,Tội vi phạm quy định về quản lý và sử dụng vốn đầu tư công gây hậu quả nghiêm trọng,,1,"Người nào lợi dụng chức vụ, quyền hạn thực hiện một trong những hành vi sau đây gây thiệt hại từ 100.000.000 đồng đến dưới 300.000.000 đồng hoặc dưới 100.000.000 đồng nhưng đã bị xử lý kỷ luật hoặc xử phạt vi phạm hành chính về hành vi này mà còn vi phạm, nếu không thuộc trường hợp quy định tại Điều 224 của Bộ luật này, thì bị phạt cải tạo không giam giữ đến 03 năm hoặc phạt tù từ 01 năm đến 05 năm:",b,"Vi phạm quy định về lập, thẩm định chủ trương đầu tư;"
Phần thứ hai - CÁC TỘI PHẠM,Chương XVIII - CÁC TỘI XÂM PHẠM TRẬT TỰ QUẢN LÝ KINH TẾ,220,Tội vi phạm quy định về quản lý và sử dụng vốn đầu tư công gây hậu quả nghiêm trọng,,1,"Người nào lợi dụng chức vụ, quyền hạn thực hiện một trong những hành vi sau đây gây thiệt hại từ 100.000.000 đồng đến dưới 300.000.000 đồng hoặc dưới 100.000.000 đồng nhưng đã bị xử lý kỷ luật hoặc xử phạt vi phạm hành chính về hành vi này mà còn vi phạm, nếu không thuộc trường hợp quy định tại Điều 224 của Bộ luật này, thì bị phạt cải tạo không giam giữ đến 03 năm hoặc phạt tù từ 01 năm đến 05 năm:",c,"Vi phạm quy định về quyết định đầu tư chương trình, dự án;"
Phần thứ hai - CÁC TỘI PHẠM,Chương XVIII - CÁC TỘI XÂM PHẠM TRẬT TỰ QUẢN LÝ KINH TẾ,220,Tội vi phạm quy định về quản lý và sử dụng vốn đầu tư công gây hậu quả nghiêm trọng,,1,"Người nào lợi dụng chức vụ, quyền hạn thực hiện một trong những hành vi sau đây gây thiệt hại từ 100.000.000 đồng đến dưới 300.000.000 đồng hoặc dưới 100.000.000 đồng nhưng đã bị xử lý kỷ luật hoặc xử phạt vi phạm hành chính về hành vi này mà còn vi phạm, nếu không thuộc trường hợp quy định tại Điều 224 của Bộ luật này, thì bị phạt cải tạo không giam giữ đến 03 năm hoặc phạt tù từ 01 năm đến 05 năm:",d,"Vi phạm quy định về tư vấn, thiết kế chương trình, dự án."
Phần thứ hai - CÁC TỘI PHẠM,Chương XVIII - CÁC TỘI XÂM PHẠM TRẬT TỰ QUẢN LÝ KINH TẾ,232,"Tội vi phạm quy định về khai thác, bảo vệ rừng và lâm sản",,1,"Người nào thực hiện một trong các hành vi sau đây, nếu không thuộc trường hợp quy định tại Điều 243 của Bộ luật này, thì bị phạt tiền từ 50.000.000 đồng đến 300.000.000 đồng, phạt cải tạo không giam giữ đến 03 năm hoặc phạt tù từ 06 tháng đến 03 năm:",a,"Khai thác trái phép rừng sản xuất là rừng trồng từ 20 mét khối (m3) đến dưới 40 mét khối (m3) gỗ loài thực vật thông thường hoặc từ 15 mét khối (m3) đến dưới 30 mét khối (m3) gỗ thuộc Danh mục thực vật rừng, động vật rừng nguy cấp, quý, hiếm Nhóm IIA;"
Phần thứ hai - CÁC TỘI PHẠM,Chương XVIII - CÁC TỘI XÂM PHẠM TRẬT TỰ QUẢN LÝ KINH TẾ,232,"Tội vi phạm quy định về khai thác, bảo vệ rừng và lâm sản",,1,"Người nào thực hiện một trong các hành vi sau đây, nếu không thuộc trường hợp quy định tại Điều 243 của Bộ luật này, thì bị phạt tiền từ 50.000.000 đồng đến 300.000.000 đồng, phạt cải tạo không giam giữ đến 03 năm hoặc phạt tù từ 06 tháng đến 03 năm:",b,"Khai thác trái phép rừng sản xuất là rừng tự nhiên từ 10 mét khối (m3) đến dưới 20 mét khối (m3) gỗ loài thực vật thông thường hoặc từ 07 mét khối (m3) đến dưới 15 mét khối (m3) gỗ thuộc Danh mục thực vật rừng, động vật rừng nguy cấp, quý, hiếm Nhóm IIA;"
Phần thứ hai - CÁC TỘI PHẠM,Chương XVIII - CÁC TỘI XÂM PHẠM TRẬT TỰ QUẢN LÝ KINH TẾ,232,"Tội vi phạm quy định về khai thác, bảo vệ rừng và lâm sản",,1,"Người nào thực hiện một trong các hành vi sau đây, nếu không thuộc trường hợp quy định tại Điều 243 của Bộ luật này, thì bị phạt tiền từ 50.000.000 đồng đến 300.000.000 đồng, phạt cải tạo không giam giữ đến 03 năm hoặc phạt tù từ 06 tháng đến 03 năm:",c,"Khai thác trái phép rừng phòng hộ là rừng trồng từ 15 mét khối (m3) đến dưới 30 mét khối (m3) gỗ loài thực vật thông thường hoặc từ 10 mét khối (m3) đến dưới 20 mét khối (m3) gỗ thuộc Danh mục thực vật rừng, động vật rừng nguy cấp, quý, hiếm Nhóm IIA;"
Phần thứ hai - CÁC TỘI PHẠM,Chương XVIII - CÁC TỘI XÂM PHẠM TRẬT TỰ QUẢN LÝ KINH TẾ,232,"Tội vi phạm quy định về khai thác, bảo vệ rừng và lâm sản",,1,"Người nào thực hiện một trong các hành vi sau đây, nếu không thuộc trường hợp quy định tại Điều 243 của Bộ luật này, thì bị phạt tiền từ 50.000.000 đồng đến 300.000.000 đồng, phạt cải tạo không giam giữ đến 03 năm hoặc phạt tù từ 06 tháng đến 03 năm:",d,"Khai thác trái phép rừng phòng hộ là rừng tự nhiên từ 07 mét khối (m3) đến dưới 15 mét khối (m3) gỗ loài thực vật thông thường hoặc từ 05 mét khối (m3) đến dưới 10 mét khối (m3) gỗ thuộc Danh mục thực vật rừng, động vật rừng nguy cấp, quý, hiếm Nhóm IIA;"
Phần thứ hai - CÁC TỘI PHẠM,Chương XVIII - CÁC TỘI XÂM PHẠM TRẬT TỰ QUẢN LÝ KINH TẾ,232,"Tội vi phạm quy định về khai thác, bảo vệ rừng và lâm sản",,1,"Người nào thực hiện một trong các hành vi sau đây, nếu không thuộc trường hợp quy định tại Điều 243 của Bộ luật này, thì bị phạt tiền từ 50.000.000 đồng đến 300.000.000 đồng, phạt cải tạo không giam giữ đến 03 năm hoặc phạt tù từ 06 tháng đến 03 năm:",đ,"Khai thác trái phép rừng đặc dụng là rừng trồng từ 10 mét khối (m3) đến dưới 20 mét khối (m3) gỗ loài thực vật thông thường hoặc từ 05 mét khối (m3) đến dưới 10 mét khối (m3) gỗ thuộc Danh mục thực vật rừng, động vật rừng nguy cấp, quý, hiếm Nhóm IIA;"
Phần thứ hai - CÁC TỘI PHẠM,Chương XVIII - CÁC TỘI XÂM PHẠM TRẬT TỰ QUẢN LÝ KINH TẾ,232,"Tội vi phạm quy định về khai thác, bảo vệ rừng và lâm sản",,1,"Người nào thực hiện một trong các hành vi sau đây, nếu không thuộc trường hợp quy định tại Điều 243 của Bộ luật này, thì bị phạt tiền từ 50.000.000 đồng đến 300.000.000 đồng, phạt cải tạo không giam giữ đến 03 năm hoặc phạt tù từ 06 tháng đến 03 năm:",e,"Khai thác trái phép rừng đặc dụng là rừng tự nhiên từ 03 mét khối (m3) đến dưới 08 mét khối (m3) gỗ loài thực vật thông thường hoặc từ 01 mét khối (m3) đến dưới 03 mét khối (m3) gỗ thuộc Danh mục thực vật rừng, động vật rừng nguy cấp, quý, hiếm Nhóm IIA;"
Phần thứ hai - CÁC TỘI PHẠM,Chương XVIII - CÁC TỘI XÂM PHẠM TRẬT TỰ QUẢN LÝ KINH TẾ,232,"Tội vi phạm quy định về khai thác, bảo vệ rừng và lâm sản",,1,"Người nào thực hiện một trong các hành vi sau đây, nếu không thuộc trường hợp quy định tại Điều 243 của Bộ luật này, thì bị phạt tiền từ 50.000.000 đồng đến 300.000.000 đồng, phạt cải tạo không giam giữ đến 03 năm hoặc phạt tù từ 06 tháng đến 03 năm:",g,"Khai thác trái phép thực vật rừng ngoài gỗ thuộc Danh mục thực vật rừng, động vật rừng nguy cấp, quý, hiếm Nhóm IIA trị giá từ 50.000.000 đồng đến dưới 100.000.000 đồng; thực vật rừng thông thường ngoài gỗ trị giá từ 100.000.000 đồng đến dưới 200.000.000 đồng;"
Phần thứ hai - CÁC TỘI PHẠM,Chương XVIII - CÁC TỘI XÂM PHẠM TRẬT TỰ QUẢN LÝ KINH TẾ,232,"Tội vi phạm quy định về khai thác, bảo vệ rừng và lâm sản",,1,"Người nào thực hiện một trong các hành vi sau đây, nếu không thuộc trường hợp quy định tại Điều 243 của Bộ luật này, thì bị phạt tiền từ 50.000.000 đồng đến 300.000.000 đồng, phạt cải tạo không giam giữ đến 03 năm hoặc phạt tù từ 06 tháng đến 03 năm:",h,"Khai thác trái phép gỗ thuộc Danh mục loài nguy cấp, quý, hiếm được ưu tiên bảo vệ hoặc Danh mục thực vật rừng, động vật rừng nguy cấp, quý, hiếm Nhóm IA từ 01 mét khối (m3) đến dưới 02 mét khối (m3) tại rừng sản xuất, từ 0,5 mét khối (m3) đến dưới 1,5 mét khối (m3) tại rừng phòng hộ hoặc từ 0,5 mét khối (m3) đến dưới 01 mét khối (m3) tại rừng đặc dụng;"
Phần thứ hai - CÁC TỘI PHẠM,Chương XVIII - CÁC TỘI XÂM PHẠM TRẬT TỰ QUẢN LÝ KINH TẾ,232,"Tội vi phạm quy định về khai thác, bảo vệ rừng và lâm sản",,1,"Người nào thực hiện một trong các hành vi sau đây, nếu không thuộc trường hợp quy định tại Điều 243 của Bộ luật này, thì bị phạt tiền từ 50.000.000 đồng đến 300.000.000 đồng, phạt cải tạo không giam giữ đến 03 năm hoặc phạt tù từ 06 tháng đến 03 năm:",i,"Khai thác trái phép thực vật rừng ngoài gỗ thuộc Danh mục loài nguy cấp, quý, hiếm được ưu tiên bảo vệ hoặc Danh mục thực vật rừng, động vật rừng nguy cấp, quý, hiếm Nhóm IA trị giá từ 30.000.000 đồng đến dưới 60.000.000 đồng;"
Phần thứ hai - CÁC TỘI PHẠM,Chương XVIII - CÁC TỘI XÂM PHẠM TRẬT TỰ QUẢN LÝ KINH TẾ,232,"Tội vi phạm quy định về khai thác, bảo vệ rừng và lâm sản",,1,"Người nào thực hiện một trong các hành vi sau đây, nếu không thuộc trường hợp quy định tại Điều 243 của Bộ luật này, thì bị phạt tiền từ 50.000.000 đồng đến 300.000.000 đồng, phạt cải tạo không giam giữ đến 03 năm hoặc phạt tù từ 06 tháng đến 03 năm:",k,"Tàng trữ, vận chuyển, chế biến hoặc mua bán trái phép từ 1,5 mét khối (m3) đến dưới 03 mét khối (m3) gỗ thuộc Danh mục loài nguy cấp, quý, hiếm được ưu tiên bảo vệ hoặc Danh mục thực vật rừng, động vật rừng nguy cấp, quý, hiếm Nhóm IA hoặc gỗ có nguồn gốc từ nước ngoài thuộc Phụ lục I Công ước về buôn bán quốc tế các loài động vật, thực vật hoang dã nguy cấp; từ 10 mét khối (m3) đến dưới 20 mét 144 khối (m3) gỗ thuộc Danh mục thực vật rừng, động vật rừng nguy cấp, quý, hiếm Nhóm IIA hoặc gỗ có nguồn gốc từ nước ngoài thuộc Phụ lục II Công ước về buôn bán quốc tế các loài động vật, thực vật hoang dã nguy cấp; từ 20 mét khối (m3) đến dưới 40 mét khối (m3) gỗ loài thực vật rừng thông thường;"
Phần thứ hai - CÁC TỘI PHẠM,Chương XVIII - CÁC TỘI XÂM PHẠM TRẬT TỰ QUẢN LÝ KINH TẾ,232,"Tội vi phạm quy định về khai thác, bảo vệ rừng và lâm sản",,1,"Người nào thực hiện một trong các hành vi sau đây, nếu không thuộc trường hợp quy định tại Điều 243 của Bộ luật này, thì bị phạt tiền từ 50.000.000 đồng đến 300.000.000 đồng, phạt cải tạo không giam giữ đến 03 năm hoặc phạt tù từ 06 tháng đến 03 năm:",l,"Tàng trữ, vận chuyển, chế biến hoặc mua bán trái phép loài thực vật rừng ngoài gỗ trị giá từ 300.000.000 đồng đến dưới 600.000.000 đồng;"
Phần thứ hai - CÁC TỘI PHẠM,Chương XVIII - CÁC TỘI XÂM PHẠM TRẬT TỰ QUẢN LÝ KINH TẾ,232,"Tội vi phạm quy định về khai thác, bảo vệ rừng và lâm sản",,1,"Người nào thực hiện một trong các hành vi sau đây, nếu không thuộc trường hợp quy định tại Điều 243 của Bộ luật này, thì bị phạt tiền từ 50.000.000 đồng đến 300.000.000 đồng, phạt cải tạo không giam giữ đến 03 năm hoặc phạt tù từ 06 tháng đến 03 năm:",m,"Khai thác, tàng trữ, vận chuyển, chế biến hoặc mua bán trái phép gỗ hoặc thực vật rừng ngoài gỗ có khối lượng hoặc trị giá dưới mức quy định tại một trong các điểm từ điểm a đến điểm l khoản này nhưng đã bị xử phạt vi phạm hành chính về một trong các hành vi quy định tại Điều này hoặc đã bị kết án về tội này, chưa được xóa án tích mà còn vi phạm."
Phần thứ hai - CÁC TỘI PHẠM,Chương XVIII - CÁC TỘI XÂM PHẠM TRẬT TỰ QUẢN LÝ KINH TẾ,234,Tội vi phạm quy định về bảo vệ động vật hoang dã,,1,"Người nào thực hiện một trong các hành vi sau đây, nếu không thuộc trường hợp quy định tại Điều 242 và Điều 244 của Bộ luật này, thì bị phạt tiền từ 50.000.000 đồng đến 300.000.000 đồng, phạt cải tạo không giam giữ đến 03 năm hoặc phạt tù từ 06 tháng đến 03 năm:",a,"Săn bắt, giết, nuôi, nhốt, tàng trữ, vận chuyển, buôn bán trái phép động vật thuộc Danh mục thực vật rừng, động vật rừng nguy cấp, quý, hiếm Nhóm IIB hoặc Phụ lục II Công ước về buôn bán quốc tế các loài động vật, thực vật hoang dã nguy cấp trị giá từ 150.000.000 đồng đến dưới 500.000.000 đồng hoặc động vật hoang dã khác trị giá từ 300.000.000 đồng đến dưới 700.000.000 đồng hoặc thu lợi bất chính từ 50.000.000 đồng đến dưới 200.000.000 đồng;"
Phần thứ hai - CÁC TỘI PHẠM,Chương XVIII - CÁC TỘI XÂM PHẠM TRẬT TỰ QUẢN LÝ KINH TẾ,234,Tội vi phạm quy định về bảo vệ động vật hoang dã,,1,"Người nào thực hiện một trong các hành vi sau đây, nếu không thuộc trường hợp quy định tại Điều 242 và Điều 244 của Bộ luật này, thì bị phạt tiền từ 50.000.000 đồng đến 300.000.000 đồng, phạt cải tạo không giam giữ đến 03 năm hoặc phạt tù từ 06 tháng đến 03 năm:",b,"Tàng trữ, vận chuyển, buôn bán trái phép bộ phận cơ thể hoặc sản phẩm của động vật thuộc Danh mục thực vật rừng, động vật rừng nguy cấp, quý, hiếm Nhóm IIB hoặc Phụ lục II Công ước về buôn bán quốc tế các loài động vật, thực vật hoang dã nguy cấp trị giá từ 150.000.000 đồng đến dưới 500.000.000 đồng hoặc của động vật hoang dã khác trị giá từ 300.000.000 đồng đến dưới 700.000.000 đồng hoặc thu lợi bất chính từ 50.000.000 đồng đến dưới 200.000.000 đồng;"
Phần thứ hai - CÁC TỘI PHẠM,Chương XVIII - CÁC TỘI XÂM PHẠM TRẬT TỰ QUẢN LÝ KINH TẾ,234,Tội vi phạm quy định về bảo vệ động vật hoang dã,,1,"Người nào thực hiện một trong các hành vi sau đây, nếu không thuộc trường hợp quy định tại Điều 242 và Điều 244 của Bộ luật này, thì bị phạt tiền từ 50.000.000 đồng đến 300.000.000 đồng, phạt cải tạo không giam giữ đến 03 năm hoặc phạt tù từ 06 tháng đến 03 năm:",c,"Săn bắt, giết, nuôi, nhốt, tàng trữ, vận chuyển, buôn bán trái phép động vật, bộ phận cơ thể hoặc sản phẩm của động vật thu lợi bất chính hoặc trị giá dưới mức quy định tại điểm a, điểm b khoản này nhưng đã bị xử phạt vi phạm hành chính về một trong các hành vi quy định tại Điều này hoặc đã bị kết án về tội này, chưa được xóa án tích mà còn vi phạm."
Phần thứ hai - CÁC TỘI PHẠM,Chương XIX - CÁC TỘI PHẠM VỀ MÔI TRƯỜNG,238,"Tội vi phạm quy định về bảo vệ an toàn công trình thủy lợi, đê điều và phòng, chống thiên tai; vi phạm quy định về bảo vệ bờ, bãi sông",,1,"Người nào thực hiện một trong các hành vi sau đây, gây thương tích hoặc gây tổn hại cho sức khỏe của người khác mà tỷ lệ tổn thương cơ thể 61% trở lên hoặc gây thương tích hoặc gây tổn hại cho sức khỏe của 02 người trở lên mà tổng tỷ lệ tổn thương cơ thể của những người này từ 61% đến 121% hoặc gây thiệt hại từ 100.000.000 đồng đến dưới 300.000.000 đồng, nếu không thuộc trường hợp quy định tại Điều 303 của Bộ luật này, thì bị phạt tiền từ 100.000.000 đồng đến 600.000.000 đồng, phạt cải tạo không giam giữ đến 03 năm hoặc phạt tù từ 03 tháng đến 02 năm:",a,"Xây nhà, công trình trái phép trong phạm vi bảo vệ công trình thủy lợi, đê điều, công trình phòng, chống thiên tai;"
Phần thứ hai - CÁC TỘI PHẠM,Chương XIX - CÁC TỘI PHẠM VỀ MÔI TRƯỜNG,238,"Tội vi phạm quy định về bảo vệ an toàn công trình thủy lợi, đê điều và phòng, chống thiên tai; vi phạm quy định về bảo vệ bờ, bãi sông",,1,"Người nào thực hiện một trong các hành vi sau đây, gây thương tích hoặc gây tổn hại cho sức khỏe của người khác mà tỷ lệ tổn thương cơ thể 61% trở lên hoặc gây thương tích hoặc gây tổn hại cho sức khỏe của 02 người trở lên mà tổng tỷ lệ tổn thương cơ thể của những người này từ 61% đến 121% hoặc gây thiệt hại từ 100.000.000 đồng đến dưới 300.000.000 đồng, nếu không thuộc trường hợp quy định tại Điều 303 của Bộ luật này, thì bị phạt tiền từ 100.000.000 đồng đến 600.000.000 đồng, phạt cải tạo không giam giữ đến 03 năm hoặc phạt tù từ 03 tháng đến 02 năm:",b,"Làm hư hỏng công trình thủy lợi, đê điều, công trình phòng, chống thiên tai, công trình bảo vệ, khai thác, sử dụng, quan trắc, giám sát tài nguyên nước, công trình phòng, chống và khắc phục hậu quả tác hại do nước gây ra;"
Phần thứ hai - CÁC TỘI PHẠM,Chương XIX - CÁC TỘI PHẠM VỀ MÔI TRƯỜNG,238,"Tội vi phạm quy định về bảo vệ an toàn công trình thủy lợi, đê điều và phòng, chống thiên tai; vi phạm quy định về bảo vệ bờ, bãi sông",,1,"Người nào thực hiện một trong các hành vi sau đây, gây thương tích hoặc gây tổn hại cho sức khỏe của người khác mà tỷ lệ tổn thương cơ thể 61% trở lên hoặc gây thương tích hoặc gây tổn hại cho sức khỏe của 02 người trở lên mà tổng tỷ lệ tổn thương cơ thể của những người này từ 61% đến 121% hoặc gây thiệt hại từ 100.000.000 đồng đến dưới 300.000.000 đồng, nếu không thuộc trường hợp quy định tại Điều 303 của Bộ luật này, thì bị phạt tiền từ 100.000.000 đồng đến 600.000.000 đồng, phạt cải tạo không giam giữ đến 03 năm hoặc phạt tù từ 03 tháng đến 02 năm:",c,"Khoan, đào thăm dò, khảo sát, khai thác đất, đá, cát sỏi, khoáng sản, nước dưới đất trái phép;"
Phần thứ hai - CÁC TỘI PHẠM,Chương XIX - CÁC TỘI PHẠM VỀ MÔI TRƯỜNG,238,"Tội vi phạm quy định về bảo vệ an toàn công trình thủy lợi, đê điều và phòng, chống thiên tai; vi phạm quy định về bảo vệ bờ, bãi sông",,1,"Người nào thực hiện một trong các hành vi sau đây, gây thương tích hoặc gây tổn hại cho sức khỏe của người khác mà tỷ lệ tổn thương cơ thể 61% trở lên hoặc gây thương tích hoặc gây tổn hại cho sức khỏe của 02 người trở lên mà tổng tỷ lệ tổn thương cơ thể của những người này từ 61% đến 121% hoặc gây thiệt hại từ 100.000.000 đồng đến dưới 300.000.000 đồng, nếu không thuộc trường hợp quy định tại Điều 303 của Bộ luật này, thì bị phạt tiền từ 100.000.000 đồng đến 600.000.000 đồng, phạt cải tạo không giam giữ đến 03 năm hoặc phạt tù từ 03 tháng đến 02 năm:",d,"Sử dụng chất nổ, gây nổ, gây cháy trong phạm vi bảo vệ công trình thủy lợi, đê điều, công trình phòng, chống thiên tai, công trình bảo vệ, khai thác, sử dụng, quan trắc, giám sát tài nguyên nước, công trình phòng, chống và khắc phục hậu quả tác hại do nước gây ra, trừ trường hợp có giấy phép hoặc trường hợp khẩn cấp do luật định;"
Phần thứ hai - CÁC TỘI PHẠM,Chương XIX - CÁC TỘI PHẠM VỀ MÔI TRƯỜNG,238,"Tội vi phạm quy định về bảo vệ an toàn công trình thủy lợi, đê điều và phòng, chống thiên tai; vi phạm quy định về bảo vệ bờ, bãi sông",,1,"Người nào thực hiện một trong các hành vi sau đây, gây thương tích hoặc gây tổn hại cho sức khỏe của người khác mà tỷ lệ tổn thương cơ thể 61% trở lên hoặc gây thương tích hoặc gây tổn hại cho sức khỏe của 02 người trở lên mà tổng tỷ lệ tổn thương cơ thể của những người này từ 61% đến 121% hoặc gây thiệt hại từ 100.000.000 đồng đến dưới 300.000.000 đồng, nếu không thuộc trường hợp quy định tại Điều 303 của Bộ luật này, thì bị phạt tiền từ 100.000.000 đồng đến 600.000.000 đồng, phạt cải tạo không giam giữ đến 03 năm hoặc phạt tù từ 03 tháng đến 02 năm:",đ,"Vận hành hồ chứa nước không đúng quy trình vận hành hồ chứa, quy trình vận hành liên hồ chứa; vận hành công trình phân lũ, làm chậm lũ không đúng với quy trình, quy chuẩn kỹ thuật cho phép, trừ trường hợp đặc biệt thực hiện theo quyết định của người có thẩm quyền."
Phần thứ hai - CÁC TỘI PHẠM,Chương XIX - CÁC TỘI PHẠM VỀ MÔI TRƯỜNG,242,Tội hủy hoại nguồn lợi thủy sản,,1,"Người nào vi phạm quy định về bảo vệ nguồn lợi thủy sản thuộc một trong các trường hợp sau đây, gây thiệt hại nguồn lợi thủy sản từ 100.000.000 đồng đến dưới 500.000.000 đồng hoặc thủy sản thu được trị giá từ 50.000.000 đồng đến dưới 200.000.000 đồng hoặc đã bị xử phạt vi phạm hành chính về một trong các hành vi quy định tại Điều này hoặc đã bị kết án về tội này, chưa được xóa án tích mà còn vi phạm, thì bị phạt tiền từ 100.000.000 đồng đến 600.000.000 đồng, phạt cải tạo không giam giữ đến 03 năm hoặc phạt tù từ 06 tháng đến 03 năm:",c,"Khai thác loài thủy sản bị cấm khai thác, nếu không thuộc trường hợp quy định tại Điều 244 của Bộ luật này;"
Phần thứ hai - CÁC TỘI PHẠM,Chương XIX - CÁC TỘI PHẠM VỀ MÔI TRƯỜNG,244,"Tội vi phạm quy định về bảo vệ động vật nguy cấp, quý, hiếm",,1,"Người nào vi phạm quy định về bảo vệ động vật thuộc Danh mục loài nguy cấp, quý, hiếm được ưu tiên bảo vệ hoặc Danh mục thực vật rừng, động vật rừng nguy cấp, quý, hiếm Nhóm IB hoặc Phụ lục I Công ước về buôn bán quốc tế các loài động vật, thực vật hoang dã nguy cấp thuộc một trong các trường hợp sau đây, thì bị phạt tiền từ 1.000.000.000 đồng đến 4.000.000.000 đồng hoặc phạt tù từ 01 năm đến 05 năm:",d,"Săn bắt, giết, nuôi, nhốt, vận chuyển, buôn bán trái phép động vật thuộc Danh mục thực vật rừng, động vật rừng nguy cấp, quý, hiếm Nhóm IB hoặc Phụ lục I Công ước về buôn bán quốc tế các loài động vật, thực vật hoang dã nguy cấp mà không thuộc loài quy định tại điểm a khoản này với số lượng từ 03 cá thể đến 07 cá thể lớp thú, từ 07 cá thể đến 10 cá thể lớp chim, bò sát hoặc từ 10 cá thể đến 15 cá thể động vật lớp khác;"
Phần thứ hai - CÁC TỘI PHẠM,Chương XX - CÁC TỘI PHẠM VỀ MA TÚY,256,Tội chứa chấp việc sử dụng trái phép chất ma túy,,1,"Người nào cho thuê, cho mượn địa điểm hoặc có bất kỳ hành vi nào khác chứa chấp việc sử dụng trái phép chất ma túy, nếu không thuộc trường hợp quy định tại Điều 255 của Bộ luật này, thì bị phạt tù từ 02 năm đến 07 năm.",,
Phần thứ hai - CÁC TỘI PHẠM,"Chương XXI - CÁC TỘI XÂM PHẠM AN TOÀN CÔNG CỘNG, TRẬT TỰ CÔNG CỘNG",283,Tội điều khiển tàu bay vi phạm quy định về hàng không của nước Cộng hòa xã hội chủ nghĩa Việt Nam,,1,"Người nào điều khiển tàu bay vào hoặc ra khỏi Việt Nam mà vi phạm quy định về hàng không của nước Cộng hòa xã hội chủ nghĩa Việt Nam, nếu không thuộc trường hợp quy định tại Điều 110 và Điều 111 của Bộ luật này, thì bị phạt tiền từ 100.000.000 đồng đến 300.000.000 đồng hoặc phạt tù từ 03 tháng đến 03 năm.",,
Phần thứ hai - CÁC TỘI PHẠM,"Chương XXI - CÁC TỘI XÂM PHẠM AN TOÀN CÔNG CỘNG, TRẬT TỰ CÔNG CỘNG",284,Tội vi phạm quy định về hàng không của nước Cộng hòa xã hội chủ nghĩa Việt Nam,,1,"Người nào vi phạm quy định về hàng không của nước Cộng hòa xã hội chủ nghĩa Việt Nam, nếu không thuộc trường hợp quy định tại Điều 110 và Điều 111 của Bộ luật này, thì bị phạt tiền từ 100.000.000 đồng đến 300.000.000 đồng hoặc phạt tù từ 03 tháng đến 03 năm.",,
Phần thứ hai - CÁC TỘI PHẠM,"Chương XXI - CÁC TỘI XÂM PHẠM AN TOÀN CÔNG CỘNG, TRẬT TỰ CÔNG CỘNG",284,Tội điều khiển phương tiện hàng hải vi phạm quy định về hàng hải của nước Cộng hòa xã hội chủ nghĩa Việt Nam,,1,"Người nào điều khiển phương tiện hàng hải vào hoặc ra khỏi Việt Nam hoặc đi qua lãnh hải Việt Nam mà thực hiện một trong các hành vi sau đây, nếu không thuộc trường hợp quy định tại Điều 110 và Điều 111 của Bộ luật này, thì bị phạt tiền từ 50.000.000 đồng đến 200.000.000 đồng hoặc phạt cải tạo không giam giữ đến 03 năm:",a,Chạy quá tốc độ cho phép trong vùng nước cảng biển;
Phần thứ hai - CÁC TỘI PHẠM,"Chương XXI - CÁC TỘI XÂM PHẠM AN TOÀN CÔNG CỘNG, TRẬT TỰ CÔNG CỘNG",284,Tội điều khiển phương tiện hàng hải vi phạm quy định về hàng hải của nước Cộng hòa xã hội chủ nghĩa Việt Nam,,1,"Người nào điều khiển phương tiện hàng hải vào hoặc ra khỏi Việt Nam hoặc đi qua lãnh hải Việt Nam mà thực hiện một trong các hành vi sau đây, nếu không thuộc trường hợp quy định tại Điều 110 và Điều 111 của Bộ luật này, thì bị phạt tiền từ 50.000.000 đồng đến 200.000.000 đồng hoặc phạt cải tạo không giam giữ đến 03 năm:",b,Chạy không đúng vùng được phép hoạt động theo quy định;
Phần thứ hai - CÁC TỘI PHẠM,"Chương XXI - CÁC TỘI XÂM PHẠM AN TOÀN CÔNG CỘNG, TRẬT TỰ CÔNG CỘNG",284,Tội điều khiển phương tiện hàng hải vi phạm quy định về hàng hải của nước Cộng hòa xã hội chủ nghĩa Việt Nam,,1,"Người nào điều khiển phương tiện hàng hải vào hoặc ra khỏi Việt Nam hoặc đi qua lãnh hải Việt Nam mà thực hiện một trong các hành vi sau đây, nếu không thuộc trường hợp quy định tại Điều 110 và Điều 111 của Bộ luật này, thì bị phạt tiền từ 50.000.000 đồng đến 200.000.000 đồng hoặc phạt cải tạo không giam giữ đến 03 năm:",c,"Không thực hiện hoặc thực hiện không đầy đủ thủ tục vào cảng, rời cảng, chế độ hoa tiêu, thủ tục neo, đậu, cập cầu, cập mạn, quy định về trật tự vệ sinh, an toàn cháy nổ, phòng ngừa ô nhiễm môi trường;"
Phần thứ hai - CÁC TỘI PHẠM,"Chương XXI - CÁC TỘI XÂM PHẠM AN TOÀN CÔNG CỘNG, TRẬT TỰ CÔNG CỘNG",284,Tội điều khiển phương tiện hàng hải vi phạm quy định về hàng hải của nước Cộng hòa xã hội chủ nghĩa Việt Nam,,1,"Người nào điều khiển phương tiện hàng hải vào hoặc ra khỏi Việt Nam hoặc đi qua lãnh hải Việt Nam mà thực hiện một trong các hành vi sau đây, nếu không thuộc trường hợp quy định tại Điều 110 và Điều 111 của Bộ luật này, thì bị phạt tiền từ 50.000.000 đồng đến 200.000.000 đồng hoặc phạt cải tạo không giam giữ đến 03 năm:",d,"Không thực hiện hoặc thực hiện không đúng quy định về đi, tránh nhau, vượt nhau, nhường đường trong hoạt động giao thông hàng hải hoặc phương tiện giao thông hàng hải không có, không bảo đảm về còi, chuông, kẻng theo âm lượng quy định;"
Phần thứ hai - CÁC TỘI PHẠM,"Chương XXI - CÁC TỘI XÂM PHẠM AN TOÀN CÔNG CỘNG, TRẬT TỰ CÔNG CỘNG",284,Tội điều khiển phương tiện hàng hải vi phạm quy định về hàng hải của nước Cộng hòa xã hội chủ nghĩa Việt Nam,,1,"Người nào điều khiển phương tiện hàng hải vào hoặc ra khỏi Việt Nam hoặc đi qua lãnh hải Việt Nam mà thực hiện một trong các hành vi sau đây, nếu không thuộc trường hợp quy định tại Điều 110 và Điều 111 của Bộ luật này, thì bị phạt tiền từ 50.000.000 đồng đến 200.000.000 đồng hoặc phạt cải tạo không giam giữ đến 03 năm:",đ,"Không bảo đảm về đèn hành trình, đèn hiệu theo tiêu chuẩn quy định, không thực hiện hoặc thực hiện không đúng việc phát tín hiệu về âm hiệu, tín hiệu ánh sáng."
Phần thứ hai - CÁC TỘI PHẠM,"Chương XXI - CÁC TỘI XÂM PHẠM AN TOÀN CÔNG CỘNG, TRẬT TỰ CÔNG CỘNG",287,"Tội cản trở hoặc gây rối loạn hoạt động của mạng máy tính, mạng viễn thông, phương tiện điện tử",,1,"Người nào tự ý xóa, làm tổn hại hoặc thay đổi phần mềm, dữ liệu điện tử hoặc ngăn chặn trái phép việc truyền tải dữ liệu của mạng máy tính, mạng viễn thông, phương tiện điện tử hoặc có hành vi khác cản trở hoặc gây rối loạn hoạt động của mạng máy tính, mạng viễn thông, phương tiện điện tử thuộc một trong các trường hợp sau đây, nếu không thuộc trường hợp quy định tại Điều 286 và Điều 289 của Bộ luật này, thì bị phạt tiền từ 30.000.000 đồng đến 200.000.000 đồng hoặc phạt tù từ 06 tháng đến 03 năm:",a,Thu lợi bất chính từ 50.000.000 đồng đến dưới 200.000.000 đồng;
Phần thứ hai - CÁC TỘI PHẠM,"Chương XXI - CÁC TỘI XÂM PHẠM AN TOÀN CÔNG CỘNG, TRẬT TỰ CÔNG CỘNG",287,"Tội cản trở hoặc gây rối loạn hoạt động của mạng máy tính, mạng viễn thông, phương tiện điện tử",,1,"Người nào tự ý xóa, làm tổn hại hoặc thay đổi phần mềm, dữ liệu điện tử hoặc ngăn chặn trái phép việc truyền tải dữ liệu của mạng máy tính, mạng viễn thông, phương tiện điện tử hoặc có hành vi khác cản trở hoặc gây rối loạn hoạt động của mạng máy tính, mạng viễn thông, phương tiện điện tử thuộc một trong các trường hợp sau đây, nếu không thuộc trường hợp quy định tại Điều 286 và Điều 289 của Bộ luật này, thì bị phạt tiền từ 30.000.000 đồng đến 200.000.000 đồng hoặc phạt tù từ 06 tháng đến 03 năm:",b,Gây thiệt hại từ 100.000.000 đồng đến dưới 500.000.000 đồng;
Phần thứ hai - CÁC TỘI PHẠM,"Chương XXI - CÁC TỘI XÂM PHẠM AN TOÀN CÔNG CỘNG, TRẬT TỰ CÔNG CỘNG",287,"Tội cản trở hoặc gây rối loạn hoạt động của mạng máy tính, mạng viễn thông, phương tiện điện tử",,1,"Người nào tự ý xóa, làm tổn hại hoặc thay đổi phần mềm, dữ liệu điện tử hoặc ngăn chặn trái phép việc truyền tải dữ liệu của mạng máy tính, mạng viễn thông, phương tiện điện tử hoặc có hành vi khác cản trở hoặc gây rối loạn hoạt động của mạng máy tính, mạng viễn thông, phương tiện điện tử thuộc một trong các trường hợp sau đây, nếu không thuộc trường hợp quy định tại Điều 286 và Điều 289 của Bộ luật này, thì bị phạt tiền từ 30.000.000 đồng đến 200.000.000 đồng hoặc phạt tù từ 06 tháng đến 03 năm:",c,"Làm tê liệt, gián đoạn, ngưng trệ hoạt động của mạng máy tính, mạng viễn thông, phương tiện điện tử từ 30 phút đến dưới 24 giờ hoặc từ 03 lần đến dưới 10 lần trong thời gian 24 giờ;"
Phần thứ hai - CÁC TỘI PHẠM,"Chương XXI - CÁC TỘI XÂM PHẠM AN TOÀN CÔNG CỘNG, TRẬT TỰ CÔNG CỘNG",287,"Tội cản trở hoặc gây rối loạn hoạt động của mạng máy tính, mạng viễn thông, phương tiện điện tử",,1,"Người nào tự ý xóa, làm tổn hại hoặc thay đổi phần mềm, dữ liệu điện tử hoặc ngăn chặn trái phép việc truyền tải dữ liệu của mạng máy tính, mạng viễn thông, phương tiện điện tử hoặc có hành vi khác cản trở hoặc gây rối loạn hoạt động của mạng máy tính, mạng viễn thông, phương tiện điện tử thuộc một trong các trường hợp sau đây, nếu không thuộc trường hợp quy định tại Điều 286 và Điều 289 của Bộ luật này, thì bị phạt tiền từ 30.000.000 đồng đến 200.000.000 đồng hoặc phạt tù từ 06 tháng đến 03 năm:",d,"Làm đình trệ hoạt động của cơ quan, tổ chức từ 24 giờ đến dưới 72 giờ;"
Phần thứ hai - CÁC TỘI PHẠM,"Chương XXI - CÁC TỘI XÂM PHẠM AN TOÀN CÔNG CỘNG, TRẬT TỰ CÔNG CỘNG",287,"Tội cản trở hoặc gây rối loạn hoạt động của mạng máy tính, mạng viễn thông, phương tiện điện tử",,1,"Người nào tự ý xóa, làm tổn hại hoặc thay đổi phần mềm, dữ liệu điện tử hoặc ngăn chặn trái phép việc truyền tải dữ liệu của mạng máy tính, mạng viễn thông, phương tiện điện tử hoặc có hành vi khác cản trở hoặc gây rối loạn hoạt động của mạng máy tính, mạng viễn thông, phương tiện điện tử thuộc một trong các trường hợp sau đây, nếu không thuộc trường hợp quy định tại Điều 286 và Điều 289 của Bộ luật này, thì bị phạt tiền từ 30.000.000 đồng đến 200.000.000 đồng hoặc phạt tù từ 06 tháng đến 03 năm:",đ,"Đã bị xử phạt vi phạm hành chính về hành vi này hoặc đã bị kết án về tội này, chưa được xóa án tích mà còn vi phạm."
Phần thứ hai - CÁC TỘI PHẠM,"Chương XXI - CÁC TỘI XÂM PHẠM AN TOÀN CÔNG CỘNG, TRẬT TỰ CÔNG CỘNG",288,"Tội đưa hoặc sử dụng trái phép thông tin mạng máy tính, mạng viễn thông",,1,"Người nào thực hiện một trong các hành vi sau đây, thu lợi bất chính từ 50.000.000 đồng đến dưới 200.000.000 đồng hoặc gây thiệt hại từ 100.000.000 đồng đến dưới 500.000.000 đồng hoặc gây dư luận xấu làm giảm uy tín của cơ quan, tổ chức, cá nhân, thì bị phạt tiền từ 30.000.000 đồng đến 200.000.000 đồng, phạt cải tạo không giam giữ đến 03 năm hoặc bị phạt tù từ 06 tháng đến 03 năm:",a,"Đưa lên mạng máy tính, mạng viễn thông những thông tin trái với quy định của pháp luật, nếu không thuộc một trong các trường hợp quy định tại các Điều 117, 155, 156 và 326 của Bộ luật này;"
Phần thứ hai - CÁC TỘI PHẠM,"Chương XXI - CÁC TỘI XÂM PHẠM AN TOÀN CÔNG CỘNG, TRẬT TỰ CÔNG CỘNG",290,"Tội sử dụng mạng máy tính, mạng viễn thông, phương tiện điện tử thực hiện hành vi chiếm đoạt tài sản",,1,"Người nào sử dụng mạng máy tính, mạng viễn thông hoặc phương tiện điện tử thực hiện một trong những hành vi sau đây, nếu không thuộc một trong các trường hợp quy định tại Điều 173 và Điều 174 của Bộ luật này, thì bị phạt cải tạo không giam giữ đến 03 năm hoặc phạt tù từ 06 tháng đến 03 năm:",a,"Sử dụng thông tin về tài khoản, thẻ ngân hàng của cơ quan, tổ chức, cá nhân để chiếm đoạt tài sản của chủ tài khoản, chủ thẻ hoặc thanh toán hàng hóa, dịch vụ;"
Phần thứ hai - CÁC TỘI PHẠM,"Chương XXI - CÁC TỘI XÂM PHẠM AN TOÀN CÔNG CỘNG, TRẬT TỰ CÔNG CỘNG",290,"Tội sử dụng mạng máy tính, mạng viễn thông, phương tiện điện tử thực hiện hành vi chiếm đoạt tài sản",,1,"Người nào sử dụng mạng máy tính, mạng viễn thông hoặc phương tiện điện tử thực hiện một trong những hành vi sau đây, nếu không thuộc một trong các trường hợp quy định tại Điều 173 và Điều 174 của Bộ luật này, thì bị phạt cải tạo không giam giữ đến 03 năm hoặc phạt tù từ 06 tháng đến 03 năm:",b,"Làm, tàng trữ, mua bán, sử dụng, lưu hành thẻ ngân hàng giả nhằm chiếm đoạt tài sản của chủ tài khoản, chủ thẻ hoặc thanh toán hàng hóa, dịch vụ;"
Phần thứ hai - CÁC TỘI PHẠM,"Chương XXI - CÁC TỘI XÂM PHẠM AN TOÀN CÔNG CỘNG, TRẬT TỰ CÔNG CỘNG",290,"Tội sử dụng mạng máy tính, mạng viễn thông, phương tiện điện tử thực hiện hành vi chiếm đoạt tài sản",,1,"Người nào sử dụng mạng máy tính, mạng viễn thông hoặc phương tiện điện tử thực hiện một trong những hành vi sau đây, nếu không thuộc một trong các trường hợp quy định tại Điều 173 và Điều 174 của Bộ luật này, thì bị phạt cải tạo không giam giữ đến 03 năm hoặc phạt tù từ 06 tháng đến 03 năm:",c,"Truy cập bất hợp pháp vào tài khoản của cơ quan, tổ chức, cá nhân nhằm chiếm đoạt tài sản;"
Phần thứ hai - CÁC TỘI PHẠM,"Chương XXI - CÁC TỘI XÂM PHẠM AN TOÀN CÔNG CỘNG, TRẬT TỰ CÔNG CỘNG",290,"Tội sử dụng mạng máy tính, mạng viễn thông, phương tiện điện tử thực hiện hành vi chiếm đoạt tài sản",,1,"Người nào sử dụng mạng máy tính, mạng viễn thông hoặc phương tiện điện tử thực hiện một trong những hành vi sau đây, nếu không thuộc một trong các trường hợp quy định tại Điều 173 và Điều 174 của Bộ luật này, thì bị phạt cải tạo không giam giữ đến 03 năm hoặc phạt tù từ 06 tháng đến 03 năm:",d,"Lừa đảo trong thương mại điện tử, thanh toán điện tử, kinh doanh tiền tệ, huy động vốn, kinh doanh đa cấp hoặc giao dịch chứng khoán qua mạng nhằm chiếm đoạt tài sản;"
Phần thứ hai - CÁC TỘI PHẠM,"Chương XXI - CÁC TỘI XÂM PHẠM AN TOÀN CÔNG CỘNG, TRẬT TỰ CÔNG CỘNG",290,"Tội sử dụng mạng máy tính, mạng viễn thông, phương tiện điện tử thực hiện hành vi chiếm đoạt tài sản",,1,"Người nào sử dụng mạng máy tính, mạng viễn thông hoặc phương tiện điện tử thực hiện một trong những hành vi sau đây, nếu không thuộc một trong các trường hợp quy định tại Điều 173 và Điều 174 của Bộ luật này, thì bị phạt cải tạo không giam giữ đến 03 năm hoặc phạt tù từ 06 tháng đến 03 năm:",đ,"Thiết lập, cung cấp trái phép dịch vụ viễn thông, internet nhằm chiếm đoạt tài sản."
Phần thứ hai - CÁC TỘI PHẠM,"Chương XXI - CÁC TỘI XÂM PHẠM AN TOÀN CÔNG CỘNG, TRẬT TỰ CÔNG CỘNG",298,Tội vi phạm quy định về xây dựng gây hậu quả nghiêm trọng,,1,"Người nào vi phạm quy định về xây dựng trong lĩnh vực khảo sát, thiết kế, thi công, sử dụng nguyên liệu, vật liệu, máy móc, giám sát, nghiệm thu công trình hoặc lĩnh vực khác thuộc một trong các trường hợp sau đây, nếu không thuộc trường hợp quy định tại Điều 224 và Điều 281 của Bộ luật này, thì bị phạt tiền từ 50.000.000 đồng đến 500.000.000 đồng, phạt cải tạo không giam giữ đến 03 năm hoặc phạt tù từ 01 năm đến 05 năm:",a,Làm chết người;
Phần thứ hai - CÁC TỘI PHẠM,"Chương XXI - CÁC TỘI XÂM PHẠM AN TOÀN CÔNG CỘNG, TRẬT TỰ CÔNG CỘNG",298,Tội vi phạm quy định về xây dựng gây hậu quả nghiêm trọng,,1,"Người nào vi phạm quy định về xây dựng trong lĩnh vực khảo sát, thiết kế, thi công, sử dụng nguyên liệu, vật liệu, máy móc, giám sát, nghiệm thu công trình hoặc lĩnh vực khác thuộc một trong các trường hợp sau đây, nếu không thuộc trường hợp quy định tại Điều 224 và Điều 281 của Bộ luật này, thì bị phạt tiền từ 50.000.000 đồng đến 500.000.000 đồng, phạt cải tạo không giam giữ đến 03 năm hoặc phạt tù từ 01 năm đến 05 năm:",b,Gây thương tích hoặc gây tổn hại cho sức khỏe của người khác mà tỷ lệ tổn thương cơ thể 61% trở lên;
Phần thứ hai - CÁC TỘI PHẠM,"Chương XXI - CÁC TỘI XÂM PHẠM AN TOÀN CÔNG CỘNG, TRẬT TỰ CÔNG CỘNG",298,Tội vi phạm quy định về xây dựng gây hậu quả nghiêm trọng,,1,"Người nào vi phạm quy định về xây dựng trong lĩnh vực khảo sát, thiết kế, thi công, sử dụng nguyên liệu, vật liệu, máy móc, giám sát, nghiệm thu công trình hoặc lĩnh vực khác thuộc một trong các trường hợp sau đây, nếu không thuộc trường hợp quy định tại Điều 224 và Điều 281 của Bộ luật này, thì bị phạt tiền từ 50.000.000 đồng đến 500.000.000 đồng, phạt cải tạo không giam giữ đến 03 năm hoặc phạt tù từ 01 năm đến 05 năm:",c,Gây thương tích hoặc gây tổn hại cho sức khỏe của 02 người trở lên mà tổng tỷ lệ tổn thương cơ thể của những người này từ 61% đến 121%;
Phần thứ hai - CÁC TỘI PHẠM,"Chương XXI - CÁC TỘI XÂM PHẠM AN TOÀN CÔNG CỘNG, TRẬT TỰ CÔNG CỘNG",298,Tội vi phạm quy định về xây dựng gây hậu quả nghiêm trọng,,1,"Người nào vi phạm quy định về xây dựng trong lĩnh vực khảo sát, thiết kế, thi công, sử dụng nguyên liệu, vật liệu, máy móc, giám sát, nghiệm thu công trình hoặc lĩnh vực khác thuộc một trong các trường hợp sau đây, nếu không thuộc trường hợp quy định tại Điều 224 và Điều 281 của Bộ luật này, thì bị phạt tiền từ 50.000.000 đồng đến 500.000.000 đồng, phạt cải tạo không giam giữ đến 03 năm hoặc phạt tù từ 01 năm đến 05 năm:",d,Gây thiệt hại về tài sản từ 100.000.000 đồng đến dưới 500.000.000 đồng.
Phần thứ hai - CÁC TỘI PHẠM,"Chương XXI - CÁC TỘI XÂM PHẠM AN TOÀN CÔNG CỘNG, TRẬT TỰ CÔNG CỘNG",301,Tội bắt cóc con tin,,1,"Người nào bắt, giữ hoặc giam người khác làm con tin nhằm cưỡng ép một quốc gia, vùng lãnh thổ, tổ chức quốc tế hoặc cơ quan, tổ chức, cá nhân làm hoặc không làm một việc như một điều kiện để thả con tin, nếu không thuộc trường hợp quy định tại Điều 113 và Điều 299 của Bộ luật này, thì bị phạt tù từ 01 năm đến 04 năm.",,
Phần thứ hai - CÁC TỘI PHẠM,"Chương XXI - CÁC TỘI XÂM PHẠM AN TOÀN CÔNG CỘNG, TRẬT TỰ CÔNG CỘNG",302,Tội cướp biển,,1,"Người nào thực hiện một trong các hành vi sau đây, thì bị phạt tù từ 05 năm đến 10 năm:",a,"Tấn công tàu biển, phương tiện bay hoặc phương tiện hàng hải khác đang ở biển cả hoặc ở nơi không thuộc quyền tài phán của quốc gia nào;"
Phần thứ hai - CÁC TỘI PHẠM,"Chương XXI - CÁC TỘI XÂM PHẠM AN TOÀN CÔNG CỘNG, TRẬT TỰ CÔNG CỘNG",303,"Tội phá hủy công trình, cơ sở, phương tiện quan trọng về an ninh quốc gia",,1,"Người nào phá hủy công trình, cơ sở hoặc phương tiện giao thông vận tải, thông tin - liên lạc, công trình điện lực, dẫn chất đốt, công trình thủy lợi hoặc công trình quan trọng khác về quốc phòng, an ninh, kinh tế, khoa học - kỹ thuật, văn hóa và xã hội, nếu không thuộc trường hợp quy định tại Điều 114 của Bộ luật này, thì bị phạt tù từ 03 năm đến 12 năm.",,
Phần thứ hai - CÁC TỘI PHẠM,"Chương XXI - CÁC TỘI XÂM PHẠM AN TOÀN CÔNG CỘNG, TRẬT TỰ CÔNG CỘNG",315,"Tội vi phạm quy định về khám bệnh, chữa bệnh, sản xuất, pha chế, cấp phát, bán thuốc hoặc dịch vụ y tế khác",,1,"Người nào vi phạm quy định về khám bệnh, chữa bệnh, sản xuất, pha chế, cấp phát, bán thuốc hoặc dịch vụ y tế khác thuộc một trong các trường hợp sau đây, nếu không thuộc trường hợp quy định tại Điều 259 của Bộ luật này, thì bị phạt tù từ 01 năm đến 05 năm:",a,Làm chết người;
Phần thứ hai - CÁC TỘI PHẠM,"Chương XXI - CÁC TỘI XÂM PHẠM AN TOÀN CÔNG CỘNG, TRẬT TỰ CÔNG CỘNG",315,"Tội vi phạm quy định về khám bệnh, chữa bệnh, sản xuất, pha chế, cấp phát, bán thuốc hoặc dịch vụ y tế khác",,1,"Người nào vi phạm quy định về khám bệnh, chữa bệnh, sản xuất, pha chế, cấp phát, bán thuốc hoặc dịch vụ y tế khác thuộc một trong các trường hợp sau đây, nếu không thuộc trường hợp quy định tại Điều 259 của Bộ luật này, thì bị phạt tù từ 01 năm đến 05 năm:",b,Gây tổn hại cho sức khỏe của người khác mà tỷ lệ tổn thương cơ thể 61% trở lên;
Phần thứ hai - CÁC TỘI PHẠM,"Chương XXI - CÁC TỘI XÂM PHẠM AN TOÀN CÔNG CỘNG, TRẬT TỰ CÔNG CỘNG",315,"Tội vi phạm quy định về khám bệnh, chữa bệnh, sản xuất, pha chế, cấp phát, bán thuốc hoặc dịch vụ y tế khác",,1,"Người nào vi phạm quy định về khám bệnh, chữa bệnh, sản xuất, pha chế, cấp phát, bán thuốc hoặc dịch vụ y tế khác thuộc một trong các trường hợp sau đây, nếu không thuộc trường hợp quy định tại Điều 259 của Bộ luật này, thì bị phạt tù từ 01 năm đến 05 năm:",c,Gây tổn hại cho sức khỏe của 02 người trở lên mà tổng tỷ lệ tổn thương cơ thể của những người này từ 61% đến 121%;
Phần thứ hai - CÁC TỘI PHẠM,"Chương XXI - CÁC TỘI XÂM PHẠM AN TOÀN CÔNG CỘNG, TRẬT TỰ CÔNG CỘNG",315,"Tội vi phạm quy định về khám bệnh, chữa bệnh, sản xuất, pha chế, cấp phát, bán thuốc hoặc dịch vụ y tế khác",,1,"Người nào vi phạm quy định về khám bệnh, chữa bệnh, sản xuất, pha chế, cấp phát, bán thuốc hoặc dịch vụ y tế khác thuộc một trong các trường hợp sau đây, nếu không thuộc trường hợp quy định tại Điều 259 của Bộ luật này, thì bị phạt tù từ 01 năm đến 05 năm:",d,Gây thiệt hại về tài sản từ 100.000.000 đồng đến dưới 500.000.000 đồng.
Phần thứ hai - CÁC TỘI PHẠM,Chương XXII - CÁC TỘI XÂM PHẠM TRẬT TỰ QUẢN LÝ HÀNH CHÍNH,337,"Tội cố ý làm lộ bí mật nhà nước; tội chiếm đoạt, mua bán hoặc tiêu hủy vật hoặc tài liệu bí mật nhà nước",,1,"Người nào cố ý làm lộ bí mật nhà nước, chiếm đoạt, mua bán hoặc tiêu hủy vật hoặc tài liệu bí mật nhà nước, nếu không thuộc trường hợp quy định tại Điều 110 của Bộ luật này, thì bị phạt tù từ 02 năm đến 07 năm.",,
Phần thứ hai - CÁC TỘI PHẠM,Chương XXII - CÁC TỘI XÂM PHẠM TRẬT TỰ QUẢN LÝ HÀNH CHÍNH,342,"Tội chiếm đoạt, mua bán, tiêu hủy con dấu, tài liệu của cơ quan, tổ chức",,1,"Người nào chiếm đoạt, mua bán hoặc tiêu hủy trái phép con dấu, tài liệu của cơ quan, tổ chức không thuộc tài liệu bí mật nhà nước hoặc bí mật công tác, thì bị phạt tiền từ 5.000.000 đồng đến 50.000.000 đồng, phạt cải tạo không giam giữ đến 02 năm hoặc phạt tù từ 03 tháng đến 02 năm.",,
Phần thứ hai - CÁC TỘI PHẠM,Chương XXII - CÁC TỘI XÂM PHẠM TRẬT TỰ QUẢN LÝ HÀNH CHÍNH,349,"Tội tổ chức, môi giới cho người khác trốn đi nước ngoài hoặc ở lại nước ngoài trái phép",,1,"Người nào tổ chức, môi giới cho người khác trốn đi nước ngoài hoặc ở lại nước ngoài trái phép, nếu không thuộc trường hợp quy định tại Điều 120 của Bộ luật này, thì bị phạt tù từ 01 năm đến 05 năm.",,
Phần thứ hai - CÁC TỘI PHẠM,Chương XXII - CÁC TỘI XÂM PHẠM TRẬT TỰ QUẢN LÝ HÀNH CHÍNH,350,Tội cưỡng ép người khác trốn đi nước ngoài hoặc ở lại nước ngoài trái phép,,1,"Người nào cưỡng ép người khác trốn đi nước ngoài hoặc ở lại nước ngoài trái phép, nếu không thuộc trường hợp quy định tại Điều 120 của Bộ luật này, thì bị phạt tù từ 02 năm đến 07 năm.",,
Phần thứ hai - CÁC TỘI PHẠM,Chương XXIII - CÁC TỘI PHẠM VỀ CHỨC VỤ,360,Tội thiếu trách nhiệm gây hậu quả nghiêm trọng,,1,"Người nào có chức vụ, quyền hạn vì thiếu trách nhiệm mà không thực hiện hoặc thực hiện không đúng nhiệm vụ được giao thuộc một trong các trường hợp sau đây, nếu không thuộc trường hợp quy định tại các điều 179, 308, 376 của Bộ luật này, thì bị phạt cải tạo không giam giữ đến 03 năm hoặc phạt tù từ 06 tháng đến 05 năm:",a,Làm chết người;
Phần thứ hai - CÁC TỘI PHẠM,Chương XXIII - CÁC TỘI PHẠM VỀ CHỨC VỤ,360,Tội thiếu trách nhiệm gây hậu quả nghiêm trọng,,1,"Người nào có chức vụ, quyền hạn vì thiếu trách nhiệm mà không thực hiện hoặc thực hiện không đúng nhiệm vụ được giao thuộc một trong các trường hợp sau đây, nếu không thuộc trường hợp quy định tại các điều 179, 308, 376 của Bộ luật này, thì bị phạt cải tạo không giam giữ đến 03 năm hoặc phạt tù từ 06 tháng đến 05 năm:",b,Gây thương tích hoặc gây tổn hại cho sức khỏe của người khác mà tỷ lệ tổn thương cơ thể 61% trở lên;
Phần thứ hai - CÁC TỘI PHẠM,Chương XXIII - CÁC TỘI PHẠM VỀ CHỨC VỤ,360,Tội thiếu trách nhiệm gây hậu quả nghiêm trọng,,1,"Người nào có chức vụ, quyền hạn vì thiếu trách nhiệm mà không thực hiện hoặc thực hiện không đúng nhiệm vụ được giao thuộc một trong các trường hợp sau đây, nếu không thuộc trường hợp quy định tại các điều 179, 308, 376 của Bộ luật này, thì bị phạt cải tạo không giam giữ đến 03 năm hoặc phạt tù từ 06 tháng đến 05 năm:",c,Gây thương tích hoặc gây tổn hại cho sức khỏe của 02 người trở lên mà tổng tỷ lệ tổn thương cơ thể của những người này từ 61% đến 121%;
Phần thứ hai - CÁC TỘI PHẠM,Chương XXIII - CÁC TỘI PHẠM VỀ CHỨC VỤ,360,Tội thiếu trách nhiệm gây hậu quả nghiêm trọng,,1,"Người nào có chức vụ, quyền hạn vì thiếu trách nhiệm mà không thực hiện hoặc thực hiện không đúng nhiệm vụ được giao thuộc một trong các trường hợp sau đây, nếu không thuộc trường hợp quy định tại các điều 179, 308, 376 của Bộ luật này, thì bị phạt cải tạo không giam giữ đến 03 năm hoặc phạt tù từ 06 tháng đến 05 năm:",d,Gây thiệt hại về tài sản từ 100.000.000 đồng đến dưới 500.000.000 đồng.
Phần thứ hai - CÁC TỘI PHẠM,Chương XXIII - CÁC TỘI PHẠM VỀ CHỨC VỤ,361,"Tội cố ý làm lộ bí mật công tác; tội chiếm đoạt, mua bán hoặc tiêu hủy tài liệu bí mật công tác",,1,"Người nào cố ý làm lộ bí mật công tác hoặc chiếm đoạt, mua bán, tiêu hủy tài liệu bí mật công tác, nếu không thuộc trường hợp quy định tại các điều 110, 337, 342 của Bộ luật này, thì bị phạt cải tạo không giam giữ đến 03 năm hoặc phạt tù từ 06 tháng đến 03 năm.",,
Phần thứ hai - CÁC TỘI PHẠM,Chương XXIII - CÁC TỘI PHẠM VỀ CHỨC VỤ,362,Tội vô ý làm lộ bí mật công tác; tội làm mất tài liệu bí mật công tác,,1,"Người nào vô ý làm lộ bí mật công tác hoặc làm mất tài liệu bí mật công tác thuộc một trong các trường hợp sau đây, nếu không thuộc trường hợp quy định tại Điều 338 của Bộ luật này, thì bị phạt cảnh cáo, phạt cải tạo không giam giữ đến 02 năm:",a,"Gây ảnh hưởng xấu đến hoạt động của cơ quan, tổ chức;"
Phần thứ hai - CÁC TỘI PHẠM,Chương XXIII - CÁC TỘI PHẠM VỀ CHỨC VỤ,362,Tội vô ý làm lộ bí mật công tác; tội làm mất tài liệu bí mật công tác,,1,"Người nào vô ý làm lộ bí mật công tác hoặc làm mất tài liệu bí mật công tác thuộc một trong các trường hợp sau đây, nếu không thuộc trường hợp quy định tại Điều 338 của Bộ luật này, thì bị phạt cảnh cáo, phạt cải tạo không giam giữ đến 02 năm:",b,Gây thiệt hại về tài sản từ 100.000.000 đồng đến dưới 500.000.000 đồng;
Phần thứ hai - CÁC TỘI PHẠM,Chương XXIII - CÁC TỘI PHẠM VỀ CHỨC VỤ,362,Tội vô ý làm lộ bí mật công tác; tội làm mất tài liệu bí mật công tác,,1,"Người nào vô ý làm lộ bí mật công tác hoặc làm mất tài liệu bí mật công tác thuộc một trong các trường hợp sau đây, nếu không thuộc trường hợp quy định tại Điều 338 của Bộ luật này, thì bị phạt cảnh cáo, phạt cải tạo không giam giữ đến 02 năm:",c,Để người khác sử dụng thực hiện tội phạm ít nghiêm trọng hoặc tội phạm nghiêm trọng.
Phần thứ hai - CÁC TỘI PHẠM,Chương XXIV - CÁC TỘI XÂM PHẠM HOẠT ĐỘNG TƯ PHÁP,371,Tội ra quyết định trái pháp luật,,1,"Người nào có thẩm quyền trong hoạt động tố tụng, thi hành án ra quyết định mà mình biết rõ là trái pháp luật gây thiệt hại về tài sản từ 50.000.000 đồng đến dưới 200.000.000 đồng hoặc gây thiệt hại đến lợi ích của Nhà nước, quyền, lợi ích hợp pháp của tổ chức, cá nhân, nếu không thuộc trường hợp quy định tại các điều 368, 369, 370, 377, 378 của Bộ luật này, thì bị phạt cải tạo không giam giữ đến 03 năm hoặc phạt tù từ 06 tháng đến 03 năm.",,
Phần thứ hai - CÁC TỘI PHẠM,Chương XXIV - CÁC TỘI XÂM PHẠM HOẠT ĐỘNG TƯ PHÁP,383,"Tội từ chối khai báo, từ chối kết luận giám định, định giá tài sản hoặc từ chối cung cấp tài liệu",,1,"Người làm chứng nếu không thuộc trường hợp quy định tại khoản 2 Điều 19 của Bộ luật này, người giám định, người định giá tài sản, người dịch thuật từ chối khai báo, trốn tránh việc kết luận giám định, định giá tài sản hoặc từ chối cung cấp tài liệu mà không có lý do chính đáng, thì bị phạt cảnh cáo, phạt cải tạo không giam giữ đến 01 năm hoặc phạt tù từ 03 tháng đến 01 năm.",,
Phần thứ hai - CÁC TỘI PHẠM,Chương XXIV - CÁC TỘI XÂM PHẠM HOẠT ĐỘNG TƯ PHÁP,387,"Tội đánh tháo người bị bắt, bị tạm giữ, tạm giam, người đang bị áp giải, xét xử, chấp hành án phạt tù",,1,"Người nào đánh tháo người bị bắt, tạm giữ, tạm giam, người đang bị áp giải, xét xử hoặc chấp hành án phạt tù, nếu không thuộc trường hợp quy định tại Điều 119 của Bộ luật này, thì bị phạt tù từ 02 năm đến 07 năm.",,
Phần thứ hai - CÁC TỘI PHẠM,Chương XXIV - CÁC TỘI XÂM PHẠM HOẠT ĐỘNG TƯ PHÁP,389,Tội che giấu tội phạm,,1,"Người nào không hứa hẹn trước mà che giấu một trong các tội phạm quy định tại các điều sau đây của Bộ luật này, nếu không thuộc trường hợp quy định tại khoản 2 Điều 18 của Bộ luật này, thì bị phạt cải tạo không giam giữ đến 03 năm hoặc phạt tù từ 06 tháng đến 05 năm:",a,"Các điều 108, 109, 110, 111, 112, 113, 114, 115, 116, 117, 118, 119, 120 và 121;"
Phần thứ hai - CÁC TỘI PHẠM,Chương XXIV - CÁC TỘI XÂM PHẠM HOẠT ĐỘNG TƯ PHÁP,389,Tội che giấu tội phạm,,1,"Người nào không hứa hẹn trước mà che giấu một trong các tội phạm quy định tại các điều sau đây của Bộ luật này, nếu không thuộc trường hợp quy định tại khoản 2 Điều 18 của Bộ luật này, thì bị phạt cải tạo không giam giữ đến 03 năm hoặc phạt tù từ 06 tháng đến 05 năm:",b,"Điều 123, các khoản 2, 3 và 4 Điều 141, Điều 142, Điều 144, khoản 2 và khoản 3 Điều 146, các khoản 1, 2 và 3 Điều 150, các điều 151, 152, 153 và 154;"
Phần thứ hai - CÁC TỘI PHẠM,Chương XXIV - CÁC TỘI XÂM PHẠM HOẠT ĐỘNG TƯ PHÁP,389,Tội che giấu tội phạm,,1,"Người nào không hứa hẹn trước mà che giấu một trong các tội phạm quy định tại các điều sau đây của Bộ luật này, nếu không thuộc trường hợp quy định tại khoản 2 Điều 18 của Bộ luật này, thì bị phạt cải tạo không giam giữ đến 03 năm hoặc phạt tù từ 06 tháng đến 05 năm:",c,"Điều 168, Điều 169, các khoản 2, 3 và 4 Điều 173, các khoản 2, 3 và 4 Điều 174, các khoản 2, 3 và 4 Điều 175, các khoản 2, 3 và 4 Điều 178;"
Phần thứ hai - CÁC TỘI PHẠM,Chương XXIV - CÁC TỘI XÂM PHẠM HOẠT ĐỘNG TƯ PHÁP,389,Tội che giấu tội phạm,,1,"Người nào không hứa hẹn trước mà che giấu một trong các tội phạm quy định tại các điều sau đây của Bộ luật này, nếu không thuộc trường hợp quy định tại khoản 2 Điều 18 của Bộ luật này, thì bị phạt cải tạo không giam giữ đến 03 năm hoặc phạt tù từ 06 tháng đến 05 năm:",d,"Khoản 3 và khoản 4 Điều 188, khoản 3 Điều 189, khoản 2 và khoản 3 Điều 190, khoản 2 và khoản 3 Điều 191, khoản 2 và khoản 3 Điều 192, các khoản 1, 2, 3 và 4 Điều 193, các khoản 1, 2, 3 và 4 Điều 194, các khoản 2, 3 và 4 Điều 195, khoản 2 và khoản 3 Điều 196, khoản 3 Điều 205, các khoản 2, 3 và 4 Điều 206, Điều 207, Điều 208, khoản 2 và khoản 3 Điều 219, khoản 2 và khoản 3 Điều 220, khoản 2 và khoản 3 Điều 221, khoản 2 và khoản 3 Điều 222, khoản 2 và khoản 3 Điều 223, khoản 2 và khoản 3 Điều 224;"
Phần thứ hai - CÁC TỘI PHẠM,Chương XXIV - CÁC TỘI XÂM PHẠM HOẠT ĐỘNG TƯ PHÁP,389,Tội che giấu tội phạm,,1,"Người nào không hứa hẹn trước mà che giấu một trong các tội phạm quy định tại các điều sau đây của Bộ luật này, nếu không thuộc trường hợp quy định tại khoản 2 Điều 18 của Bộ luật này, thì bị phạt cải tạo không giam giữ đến 03 năm hoặc phạt tù từ 06 tháng đến 05 năm:",đ,Khoản 2 và khoản 3 Điều 243;
Phần thứ hai - CÁC TỘI PHẠM,Chương XXIV - CÁC TỘI XÂM PHẠM HOẠT ĐỘNG TƯ PHÁP,389,Tội che giấu tội phạm,,1,"Người nào không hứa hẹn trước mà che giấu một trong các tội phạm quy định tại các điều sau đây của Bộ luật này, nếu không thuộc trường hợp quy định tại khoản 2 Điều 18 của Bộ luật này, thì bị phạt cải tạo không giam giữ đến 03 năm hoặc phạt tù từ 06 tháng đến 05 năm:",e,"Các điều 248, 249, 250, 251, 252 và 253, khoản 2 Điều 254, các điều 255, 256, 257 và 258, khoản 2 Điều 259;"
Phần thứ hai - CÁC TỘI PHẠM,Chương XXIV - CÁC TỘI XÂM PHẠM HOẠT ĐỘNG TƯ PHÁP,389,Tội che giấu tội phạm,,1,"Người nào không hứa hẹn trước mà che giấu một trong các tội phạm quy định tại các điều sau đây của Bộ luật này, nếu không thuộc trường hợp quy định tại khoản 2 Điều 18 của Bộ luật này, thì bị phạt cải tạo không giam giữ đến 03 năm hoặc phạt tù từ 06 tháng đến 05 năm:",g,"Các khoản 2, 3 và 4 Điều 265, các điều 282, 299, 301, 302, 303 và 304, các khoản 2, 3 và 4 Điều 305, các khoản 2, 3 và 4 Điều 309, các khoản 2, 3 và 4 Điều 311, khoản 2 và khoản 3 Điều 329;"
Phần thứ hai - CÁC TỘI PHẠM,Chương XXIV - CÁC TỘI XÂM PHẠM HOẠT ĐỘNG TƯ PHÁP,389,Tội che giấu tội phạm,,1,"Người nào không hứa hẹn trước mà che giấu một trong các tội phạm quy định tại các điều sau đây của Bộ luật này, nếu không thuộc trường hợp quy định tại khoản 2 Điều 18 của Bộ luật này, thì bị phạt cải tạo không giam giữ đến 03 năm hoặc phạt tù từ 06 tháng đến 05 năm:",h,"Các khoản 2, 3 và 4 Điều 353, các khoản 2, 3 và 4 Điều 354, các khoản 2, 3 và 4 Điều 355, khoản 2 và khoản 3 Điều 356, các khoản 2, 3 và 4 Điều 357, các khoản 2, 3 và 4 Điều 358, các khoản 2, 3 và 4 Điều 359, các khoản 2, 3 và 4 Điều 364, các khoản 2, 3 và 4 Điều 365;"
Phần thứ hai - CÁC TỘI PHẠM,Chương XXIV - CÁC TỘI XÂM PHẠM HOẠT ĐỘNG TƯ PHÁP,389,Tội che giấu tội phạm,,1,"Người nào không hứa hẹn trước mà che giấu một trong các tội phạm quy định tại các điều sau đây của Bộ luật này, nếu không thuộc trường hợp quy định tại khoản 2 Điều 18 của Bộ luật này, thì bị phạt cải tạo không giam giữ đến 03 năm hoặc phạt tù từ 06 tháng đến 05 năm:",i,"Khoản 3 và khoản 4 Điều 373, khoản 3 và khoản 4 Điều 374, khoản 2 Điều 386;"
Phần thứ hai - CÁC TỘI PHẠM,Chương XXIV - CÁC TỘI XÂM PHẠM HOẠT ĐỘNG TƯ PHÁP,389,Tội che giấu tội phạm,,1,"Người nào không hứa hẹn trước mà che giấu một trong các tội phạm quy định tại các điều sau đây của Bộ luật này, nếu không thuộc trường hợp quy định tại khoản 2 Điều 18 của Bộ luật này, thì bị phạt cải tạo không giam giữ đến 03 năm hoặc phạt tù từ 06 tháng đến 05 năm:",k,"Các điều 421, 422, 423, 424 và 425."
Phần thứ hai - CÁC TỘI PHẠM,Chương XXIV - CÁC TỘI XÂM PHẠM HOẠT ĐỘNG TƯ PHÁP,390,Tội không tố giác tội phạm,,1,"Người nào biết rõ một trong các tội phạm quy định tại khoản 2 hoặc khoản 3 Điều 14 của Bộ luật này đang được chuẩn bị hoặc một trong các tội phạm quy định tại Điều 389 của Bộ luật này đang được thực hiện hoặc đã được thực hiện mà không tố giác, nếu không thuộc trường hợp quy định tại khoản 2 và khoản 3 Điều 19 của Bộ luật này, thì bị phạt cảnh cáo, phạt cải tạo không giam giữ đến 03 năm hoặc phạt tù từ 06 tháng đến 03 năm.",,
Phần thứ hai - CÁC TỘI PHẠM,Chương XXIV - CÁC TỘI XÂM PHẠM HOẠT ĐỘNG TƯ PHÁP,391,"Tội gây rối trật tự phiên tòa, phiên họp",,1,"Người nào tại phiên tòa, phiên họp mà thóa mạ, xúc phạm nghiêm trọng danh dự, nhân phẩm của Thẩm phán, Hội thẩm, người có thẩm quyền tiến hành tố tụng khác hoặc người tham gia phiên tòa, phiên họp hoặc có hành vi đập phá tài sản, nếu không thuộc trường hợp quy định tại Điều 178 của Bộ luật này, thì bị phạt tiền từ 10.000.000 đồng đến 100.000.000 đồng, phạt cải tạo không giam giữ đến 03 năm hoặc phạt tù từ 06 tháng đến 02 năm.",,
Phần thứ hai - CÁC TỘI PHẠM,Chương XXIV - CÁC TỘI XÂM PHẠM HOẠT ĐỘNG TƯ PHÁP,391,"Tội gây rối trật tự phiên tòa, phiên họp",,2,"Phạm tội thuộc một trong các trường hợp sau đây, thì bị phạt tù từ 01 năm đến 03 năm:",b,"Hành hung Thẩm phán, Hội thẩm, người có thẩm quyền tiến hành tố tụng khác, nếu không thuộc trường hợp quy định tại Điều 134 của Bộ luật này."
Phần thứ hai - CÁC TỘI PHẠM,"Chương XXV - CÁC TỘI XÂM PHẠM NGHĨA VỤ, TRÁCH NHIỆM CỦA QUÂN NHÂN VÀ TRÁCH NHIỆM CỦA NGƯỜI PHỐI THUỘC VỚI QUÂN ĐỘI TRONG CHIẾN ĐẤU, PHỤC VỤ CHIẾN ĐẤU",398,Tội hành hung đồng đội,,1,"Người nào trong quan hệ công tác mà cố ý gây thương tích hoặc gây tổn hại cho sức khỏe của đồng đội mà không thuộc trường hợp quy định tại Điều 134 của Bộ luật này, thì bị phạt cải tạo không giam giữ đến 02 năm hoặc phạt tù từ 03 tháng đến 02 năm.",,
Phần thứ hai - CÁC TỘI PHẠM,"Chương XXV - CÁC TỘI XÂM PHẠM NGHĨA VỤ, TRÁCH NHIỆM CỦA QUÂN NHÂN VÀ TRÁCH NHIỆM CỦA NGƯỜI PHỐI THUỘC VỚI QUÂN ĐỘI TRONG CHIẾN ĐẤU, PHỤC VỤ CHIẾN ĐẤU",404,Tội cố ý làm lộ bí mật công tác quân sự,,1,"Người nào cố ý làm lộ bí mật công tác quân sự, nếu không thuộc một trong các trường hợp quy định tại các điều 110, 337 và 361 của Bộ luật này, thì bị phạt tù từ 06 tháng đến 05 năm.",,
Phần thứ hai - CÁC TỘI PHẠM,"Chương XXV - CÁC TỘI XÂM PHẠM NGHĨA VỤ, TRÁCH NHIỆM CỦA QUÂN NHÂN VÀ TRÁCH NHIỆM CỦA NGƯỜI PHỐI THUỘC VỚI QUÂN ĐỘI TRONG CHIẾN ĐẤU, PHỤC VỤ CHIẾN ĐẤU",405,"Tội chiếm đoạt, mua bán hoặc tiêu hủy tài liệu bí mật công tác quân sự",,1,"Người nào chiếm đoạt, mua bán hoặc tiêu hủy tài liệu bí mật công tác quân sự, nếu không thuộc một trong các trường hợp quy định tại các điều 110, 337 và 361 của Bộ luật này, thì bị phạt tù từ 06 tháng đến 05 năm.",,
Phần thứ hai - CÁC TỘI PHẠM,"Chương XXV - CÁC TỘI XÂM PHẠM NGHĨA VỤ, TRÁCH NHIỆM CỦA QUÂN NHÂN VÀ TRÁCH NHIỆM CỦA NGƯỜI PHỐI THUỘC VỚI QUÂN ĐỘI TRONG CHIẾN ĐẤU, PHỤC VỤ CHIẾN ĐẤU",406,Tội vô ý làm lộ bí mật công tác quân sự,,1,"Người nào vô ý làm lộ bí mật công tác quân sự, nếu không thuộc một trong các trường hợp quy định tại Điều 338 và Điều 362 của Bộ luật này, thì bị phạt cải tạo không giam giữ đến 02 năm hoặc phạt tù từ 03 tháng đến 02 năm.",,
Phần thứ hai - CÁC TỘI PHẠM,"Chương XXV - CÁC TỘI XÂM PHẠM NGHĨA VỤ, TRÁCH NHIỆM CỦA QUÂN NHÂN VÀ TRÁCH NHIỆM CỦA NGƯỜI PHỐI THUỘC VỚI QUÂN ĐỘI TRONG CHIẾN ĐẤU, PHỤC VỤ CHIẾN ĐẤU",407,Tội làm mất tài liệu bí mật công tác quân sự,,1,"Người nào làm mất tài liệu bí mật công tác quân sự, nếu không thuộc một trong các trường hợp quy định tại Điều 338 và Điều 362 của Bộ luật này, thì bị phạt cải tạo không giam giữ đến 02 năm hoặc phạt tù từ 03 tháng đến 02 năm.",,
Phần thứ hai - CÁC TỘI PHẠM,"Chương XXV - CÁC TỘI XÂM PHẠM NGHĨA VỤ, TRÁCH NHIỆM CỦA QUÂN NHÂN VÀ TRÁCH NHIỆM CỦA NGƯỜI PHỐI THUỘC VỚI QUÂN ĐỘI TRONG CHIẾN ĐẤU, PHỤC VỤ CHIẾN ĐẤU",413,"Tội hủy hoại hoặc cố ý làm hư hỏng vũ khí quân dụng, trang bị kỹ thuật quân sự",,1,"Người nào hủy hoại hoặc cố ý làm hư hỏng vũ khí quân dụng, trang bị kỹ thuật quân sự, nếu không thuộc một trong các trường hợp quy định tại Điều 114 và Điều 303 của Bộ luật này, thì bị phạt tù từ 02 năm đến 07 năm.",,
